case_id,label,window_construction,heating_setpoint_c,cooling_setpoint_c,chiller_cop,boiler_efficiency,lighting_primary_w_m2,lighting_secondary_w_m2,infiltration_multiplier,elevator_power_w,eps_thickness_cm,eps_conductivity_w_mk,site_energy_gj,eui_mj_m2,heating_gj,cooling_gj,lighting_gj,equipment_gj,fans_gj,pumps_gj,unmet_heating_hours,unmet_cooling_hours,ashrae55_discomfort_hours,comfort_violation_hours,glass_u_factor,glass_shgc,severe_errors,warnings
case_020cd717b3ca,"Kazan verimi=0.763648 | Chiller COP=5.28295W/W | Sogutma ayar noktasi=25.0011C | Asansor motoru gucu=1991.93W | EPS isil iletkenligi=0.02494W/mK | EPS kalinligi=7.51483cm | Isitma ayar noktasi=22.2201C | Sizdirmazlik carpani=1.03324 | Aydinlatma - ofis, salon, atolye=6.0404W/m2 | Aydinlatma - koridor, merdiven, WC=1.15873W/m2 | Cam tipi=penc_lowe_4mm",penc_lowe_4mm,22.220136,25.001146,5.282949,0.763648,6.040401,1.158733,1.033241,1991.929693,7.514831,0.02494,1682.14,396.15,25.1,1033.07,180.26,226.63,198.7,18.38,0.0,1.17,1318.17,52.0,1.943,0.591,0,25
case_0559bc60c952,"Kazan verimi=0.631792 | Chiller COP=6.64738W/W | Sogutma ayar noktasi=23.8312C | Asansor motoru gucu=4288.72W | EPS isil iletkenligi=0.023535W/mK | EPS kalinligi=8.56715cm | Isitma ayar noktasi=23.3312C | Sizdirmazlik carpani=0.531302 | Aydinlatma - ofis, salon, atolye=10.5138W/m2 | Aydinlatma - koridor, merdiven, WC=6.91998W/m2 | Cam tipi=penc_cont_6_4mm",penc_cont_6_4mm,23.331247,23.831247,6.64738,0.631792,10.513774,6.919979,0.531302,4288.716083,8.56715,0.023535,1591.48,374.8,158.07,623.13,376.98,252.97,163.33,17.0,0.0,0.0,967.67,0.0,1.682,0.353,0,25
case_080c559515bc,"Kazan verimi=0.915135 | Chiller COP=2.67653W/W | Sogutma ayar noktasi=25.1291C | Asansor motoru gucu=1283.05W | EPS isil iletkenligi=0.023348W/mK | EPS kalinligi=29.7538cm | Isitma ayar noktasi=20.4053C | Sizdirmazlik carpani=1.07978 | Aydinlatma - ofis, salon, atolye=2.22975W/m2 | Aydinlatma - koridor, merdiven, WC=4.53244W/m2 | Cam tipi=penc_lowe_argon_4mm",penc_lowe_argon_4mm,20.405321,25.129146,2.676535,0.915135,2.22975,4.532436,1.079778,1283.045005,29.753832,0.023348,2544.6,599.27,1.58,1997.88,119.46,218.5,192.56,14.63,0.0,1.67,1591.33,81.0,1.836,0.595,0,25
case_084c0c78d9ec,"Kazan verimi=0.976375 | Chiller COP=6.87479W/W | Sogutma ayar noktasi=24.6811C | Asansor motoru gucu=7861.49W | EPS isil iletkenligi=0.017682W/mK | EPS kalinligi=2.39355cm | Isitma ayar noktasi=16.8868C | Sizdirmazlik carpani=0.717451 | Aydinlatma - ofis, salon, atolye=14.5729W/m2 | Aydinlatma - koridor, merdiven, WC=6.4269W/m2 | Cam tipi=penc_renk_6mm",penc_renk_6mm,16.886802,24.681146,6.874786,0.976375,14.572946,6.4269,0.717451,7861.494911,2.393547,0.017682,1893.18,445.85,0.0,868.72,481.72,293.94,233.57,15.23,0.0,0.0,1591.0,542.0,2.673,0.606,0,25
case_0c239b4d73d6,"Kazan verimi=0.915428 | Chiller COP=4.07595W/W | Sogutma ayar noktasi=27.9579C | Asansor motoru gucu=3310.46W | EPS isil iletkenligi=0.01918W/mK | EPS kalinligi=5.51543cm | Isitma ayar noktasi=22.3312C | Sizdirmazlik carpani=0.341828 | Aydinlatma - ofis, salon, atolye=7.28301W/m2 | Aydinlatma - koridor, merdiven, WC=5.59645W/m2 | Cam tipi=penc_snerji_4mm",penc_snerji_4mm,22.331247,27.957946,4.075952,0.915428,7.283005,5.59645,0.341828,3310.455213,5.515426,0.01918,1588.23,374.04,2.47,929.18,271.49,241.75,134.38,8.97,0.0,0.0,4293.5,40811.0,1.739,0.476,0,25
case_0cc83f34517d,"Kazan verimi=0.608937 | Chiller COP=6.1226W/W | Sogutma ayar noktasi=28.0731C | Asansor motoru gucu=1311.4W | EPS isil iletkenligi=0.045216W/mK | EPS kalinligi=17.6171cm | Isitma ayar noktasi=21.6275C | Sizdirmazlik carpani=0.39169 | Aydinlatma - ofis, salon, atolye=10.0167W/m2 | Aydinlatma - koridor, merdiven, WC=2.40441W/m2",penc_std_4mm,21.627543,28.073146,6.122599,0.608937,10.016733,2.404408,0.39169,1311.400393,17.617091,0.045216,1437.75,338.6,5.65,750.74,305.16,218.82,145.14,12.25,0.0,0.0,4026.67,41904.0,2.718,0.731,0,30
case_0e2d8c395dd3,"Kazan verimi=0.702408 | Chiller COP=7.0847W/W | Sogutma ayar noktasi=25.4491C | Asansor motoru gucu=2913.48W | EPS isil iletkenligi=0.030653W/mK | EPS kalinligi=5.37512cm | Isitma ayar noktasi=15.8498C | Sizdirmazlik carpani=1.39557 | Aydinlatma - ofis, salon, atolye=7.61437W/m2 | Aydinlatma - koridor, merdiven, WC=6.73832W/m2",penc_std_4mm,15.849765,25.449146,7.084698,0.702408,7.614366,6.738318,1.395568,2913.479788,5.375117,0.030653,1522.75,358.62,0.0,770.33,295.28,237.2,205.77,14.17,0.0,3.0,2160.0,1492.0,2.718,0.731,0,25
case_0ecda2b75629,"Kazan verimi=0.737862 | Chiller COP=7.94184W/W | Sogutma ayar noktasi=27.0491C | Asansor motoru gucu=3239.57W | EPS isil iletkenligi=0.032104W/mK | EPS kalinligi=6.39236cm | Isitma ayar noktasi=18.8498C | Sizdirmazlik carpani=1.45873 | Aydinlatma - ofis, salon, atolye=8.69129W/m2 | Aydinlatma - koridor, merdiven, WC=7.1795W/m2",penc_std_4mm,18.849765,27.049146,7.941841,0.737862,8.691289,7.179495,1.458726,3239.566744,6.392358,0.032104,1354.76,319.05,1.68,598.07,330.44,240.93,171.31,12.32,0.0,2.83,3252.33,37096.0,2.718,0.731,0,25
case_0f1e776f82f3,"Kazan verimi=0.660507 | Chiller COP=5.00307W/W | Sogutma ayar noktasi=28.5851C | Asansor motoru gucu=2899.3W | EPS isil iletkenligi=0.042219W/mK | EPS kalinligi=11.4435cm | Isitma ayar noktasi=19.7387C | Sizdirmazlik carpani=1.13961 | Aydinlatma - ofis, salon, atolye=10.6795W/m2 | Aydinlatma - koridor, merdiven, WC=4.06531W/m2",penc_std_4mm,19.738654,28.585146,5.003065,0.660507,10.679455,4.065308,1.139612,2899.302094,11.443488,0.042219,1576.99,371.39,2.38,839.97,344.71,237.03,142.17,10.73,0.0,0.5,3595.67,40093.0,2.718,0.731,0,28
case_1026ab91ad51,"Kazan verimi=0.753978 | Chiller COP=7.22464W/W | Sogutma ayar noktasi=27.4971C | Asansor motoru gucu=6202.7W | EPS isil iletkenligi=0.02199W/mK | EPS kalinligi=3.41079cm | Isitma ayar noktasi=22.7757C | Sizdirmazlik carpani=1.34238 | Aydinlatma - ofis, salon, atolye=12.2534W/m2 | Aydinlatma - koridor, merdiven, WC=1.54801W/m2 | Cam tipi=penc_renk_6mm",penc_renk_6mm,22.775691,27.497146,7.22464,0.753978,12.253419,1.548007,1.342382,6202.704741,3.410788,0.02199,1511.14,355.88,107.06,593.66,355.33,274.92,162.56,17.6,0.0,1.17,3200.5,35158.0,2.673,0.606,0,25
case_138dd6be0d24,"Kazan verimi=0.809065 | Chiller COP=2.22172W/W | Sogutma ayar noktasi=22.8379C | Asansor motoru gucu=2332.19W | EPS isil iletkenligi=0.059825W/mK | EPS kalinligi=2.42862cm | Isitma ayar noktasi=21.3312C | Sizdirmazlik carpani=1.35235 | Aydinlatma - ofis, salon, atolye=4.05224W/m2 | Aydinlatma - koridor, merdiven, WC=4.27292W/m2",penc_std_4mm,21.331247,22.837946,2.221724,0.809065,4.052236,4.27292,1.352355,2332.194344,2.428624,0.059825,3734.72,879.55,63.63,2964.98,166.0,230.53,283.39,26.18,0.0,4.5,361.0,0.0,2.718,0.731,1,25
case_13a69486ba26,"Kazan verimi=0.979598 | Chiller COP=3.16633W/W | Sogutma ayar noktasi=25.3851C | Asansor motoru gucu=2247.13W | EPS isil iletkenligi=0.039315W/mK | EPS kalinligi=9.40901cm | Isitma ayar noktasi=22.7387C | Sizdirmazlik carpani=1.0133 | Aydinlatma - ofis, salon, atolye=8.52561W/m2 | Aydinlatma - koridor, merdiven, WC=3.18296W/m2 | Cam tipi=penc_cont_6_4mm",penc_cont_6_4mm,22.738654,25.385146,3.166331,0.979598,8.525608,3.182955,1.013296,2247.128181,9.409005,0.039315,1706.57,401.91,76.88,982.54,274.38,229.55,129.25,13.96,0.0,0.0,1076.5,27.0,1.682,0.353,2,25
case_13e83027aa94,"Kazan verimi=0.934474 | Chiller COP=5.6328W/W | Sogutma ayar noktasi=27.8171C | Asansor motoru gucu=7847.32W | EPS isil iletkenligi=0.029248W/mK | EPS kalinligi=8.497cm | Isitma ayar noktasi=18.109C | Sizdirmazlik carpani=0.458172 | Aydinlatma - ofis, salon, atolye=3.72087W/m2 | Aydinlatma - koridor, merdiven, WC=3.75389W/m2 | Cam tipi=penc_lowe_argon_4mm",penc_lowe_argon_4mm,18.109025,27.817146,5.632803,0.934474,3.720875,3.753889,0.458172,7847.317217,8.496995,0.029248,1392.26,327.89,0.0,799.29,150.24,293.78,138.82,10.13,0.0,0.0,4167.83,42782.0,1.836,0.595,0,25
case_142bf51dff80,"Kazan verimi=0.72497 | Chiller COP=6.75234W/W | Sogutma ayar noktasi=28.8411C | Asansor motoru gucu=5564.71W | EPS isil iletkenligi=0.05252W/mK | EPS kalinligi=24.7729cm | Isitma ayar noktasi=20.8868C | Sizdirmazlik carpani=1.47202 | Aydinlatma - ofis, salon, atolye=7.03448W/m2 | Aydinlatma - koridor, merdiven, WC=3.33866W/m2 | Cam tipi=penc_lowe_4mm",penc_lowe_4mm,20.886802,28.841146,6.752337,0.72497,7.034484,3.338664,1.472022,5564.708521,24.772857,0.05252,1221.69,287.72,8.04,568.25,235.58,267.6,131.31,10.91,0.0,0.83,3752.5,39804.0,1.943,0.591,0,25
case_15aa72c2f857,"Kazan verimi=0.695962 | Chiller COP=5.86021W/W | Sogutma ayar noktasi=22.1851C | Asansor motoru gucu=3225.39W | EPS isil iletkenligi=0.04367W/mK | EPS kalinligi=12.4607cm | Isitma ayar noktasi=21.072C | Sizdirmazlik carpani=1.20277 | Aydinlatma - ofis, salon, atolye=11.7564W/m2 | Aydinlatma - koridor, merdiven, WC=4.50648W/m2 | Cam tipi=penc_triple_lowe_4mm",penc_triple_lowe_4mm,21.071988,22.185146,5.860208,0.695962,11.756378,4.506484,1.20277,3225.389051,12.460729,0.04367,2019.95,475.71,12.63,1092.92,379.87,240.77,272.23,21.53,0.0,6.5,207.17,0.0,0.892,0.452,3,25
case_15b8b6b6aabe,"Kazan verimi=0.712077 | Chiller COP=5.14301W/W | Sogutma ayar noktasi=22.6331C | Asansor motoru gucu=6188.53W | EPS isil iletkenligi=0.033603W/mK | EPS kalinligi=9.47916cm | Isitma ayar noktasi=15.2942C | Sizdirmazlik carpani=1.08643 | Aydinlatma - ofis, salon, atolye=1.31851W/m2 | Aydinlatma - koridor, merdiven, WC=6.34905W/m2",penc_std_4mm,15.29421,22.633146,5.143007,0.712077,1.318508,6.349045,1.086427,6188.527047,9.479159,0.033603,1965.15,462.81,0.0,1270.09,117.94,274.76,283.78,18.59,0.0,3.17,1077.33,2243.0,2.718,0.731,0,25
case_16deb98981a9,"Kazan verimi=0.767164 | Chiller COP=6.14009W/W | Sogutma ayar noktasi=26.6011C | Asansor motoru gucu=2318.02W | EPS isil iletkenligi=0.026391W/mK | EPS kalinligi=8.53207cm | Isitma ayar noktasi=16.2201C | Sizdirmazlik carpani=1.0964 | Aydinlatma - ofis, salon, atolye=7.11732W/m2 | Aydinlatma - koridor, merdiven, WC=1.59991W/m2 | Cam tipi=penc_triple_lowe_4mm",penc_triple_lowe_4mm,16.220136,26.601146,6.140092,0.767164,7.117324,1.59991,1.096399,2318.01665,8.532073,0.026391,1301.86,306.6,0.0,702.54,215.43,230.37,143.09,10.44,0.0,1.67,3127.17,38069.0,0.892,0.452,0,25
case_1d176b1e33c9,"Kazan verimi=0.699478 | Chiller COP=5.6503W/W | Sogutma ayar noktasi=26.0379C | Asansor motoru gucu=1353.93W | EPS isil iletkenligi=0.055471W/mK | EPS kalinligi=28.8769cm | Isitma ayar noktasi=22.9979C | Sizdirmazlik carpani=1.16288 | Aydinlatma - ofis, salon, atolye=14.7386W/m2 | Aydinlatma - koridor, merdiven, WC=2.94939W/m2 | Cam tipi=penc_snerji_4mm",penc_snerji_4mm,22.997913,26.037946,5.650296,0.699478,14.738626,2.949391,1.162881,1353.933474,28.8769,0.055471,1764.66,415.59,59.73,844.85,441.42,219.31,182.78,16.58,0.0,0.5,2020.5,31820.0,1.739,0.476,1,25
case_1d8a6948f03a,"Kazan verimi=0.831333 | Chiller COP=5.77274W/W | Sogutma ayar noktasi=23.7211C | Asansor motoru gucu=2956.01W | EPS isil iletkenligi=0.040908W/mK | EPS kalinligi=16.6349cm | Isitma ayar noktasi=15.4424C | Sizdirmazlik carpani=0.966759 | Aydinlatma - ofis, salon, atolye=12.3363W/m2 | Aydinlatma - koridor, merdiven, WC=7.2833W/m2 | Cam tipi=penc_lowe_4mm",penc_lowe_4mm,15.442358,23.721146,5.772745,0.831333,12.336259,7.283301,0.966759,2956.012869,16.634926,0.040908,2093.94,493.14,0.0,1152.3,431.54,237.68,254.09,18.33,0.0,1.5,403.5,47.0,1.943,0.591,0,25
case_1fb5368d686a,"Kazan verimi=0.734932 | Chiller COP=6.50744W/W | Sogutma ayar noktasi=27.6379C | Asansor motoru gucu=1680.02W | EPS isil iletkenligi=0.056922W/mK | EPS kalinligi=29.8941cm | Isitma ayar noktasi=16.9979C | Sizdirmazlik carpani=1.22604 | Aydinlatma - ofis, salon, atolye=1.81555W/m2 | Aydinlatma - koridor, merdiven, WC=3.39057W/m2 | Cam tipi=penc_cont_6_4mm",penc_cont_6_4mm,16.997913,27.637946,6.507439,0.734932,1.815549,3.390567,1.226039,1680.020431,29.894142,0.056922,710.53,167.33,2.12,299.95,93.4,223.05,87.3,4.71,0.0,0.0,3622.5,35869.0,1.682,0.353,0,23
case_213a64304dfc,"Kazan verimi=0.82811 | Chiller COP=2.93892W/W | Sogutma ayar noktasi=22.6971C | Asansor motoru gucu=6854.88W | EPS isil iletkenligi=0.024893W/mK | EPS kalinligi=5.44527cm | Isitma ayar noktasi=19.7757C | Sizdirmazlik carpani=1.4687 | Aydinlatma - ofis, salon, atolye=14.4073W/m2 | Aydinlatma - koridor, merdiven, WC=2.43036W/m2 | Cam tipi=penc_triple_lowe_4mm",penc_triple_lowe_4mm,19.775691,22.697146,2.938925,0.82811,14.407265,2.43036,1.468698,6854.878654,5.445271,0.024893,3125.14,735.99,1.55,2137.04,425.66,282.4,260.43,18.05,0.0,6.0,351.17,332.0,0.892,0.452,0,25
case_238ee97ee3f8,"Kazan verimi=0.879681 | Chiller COP=7.81939W/W | Sogutma ayar noktasi=23.5291C | Asansor motoru gucu=956.958W | EPS isil iletkenligi=0.021896W/mK | EPS kalinligi=28.7366cm | Isitma ayar noktasi=17.4053C | Sizdirmazlik carpani=1.01662 | Aydinlatma - ofis, salon, atolye=1.06999W/m2 | Aydinlatma - koridor, merdiven, WC=4.09126W/m2 | Cam tipi=penc_triple_lowe_4mm",penc_triple_lowe_4mm,17.405321,23.529146,7.819392,0.879681,1.069987,4.091259,1.01662,956.958049,28.736591,0.021896,1163.35,273.97,0.01,654.59,82.03,214.76,198.17,13.79,0.0,3.5,821.5,533.0,0.892,0.452,0,25
case_245375dc641e,"Kazan verimi=0.61216 | Chiller COP=3.67362W/W | Sogutma ayar noktasi=28.7771C | Asansor motoru gucu=4898.36W | EPS isil iletkenligi=0.016183W/mK | EPS kalinligi=28.8067cm | Isitma ayar noktasi=17.7757C | Sizdirmazlik carpani=1.08975 | Aydinlatma - ofis, salon, atolye=7.94573W/m2 | Aydinlatma - koridor, merdiven, WC=7.25735W/m2 | Cam tipi=penc_renk_6mm",penc_renk_6mm,17.775691,28.777146,3.673619,0.61216,7.945727,7.257349,1.089751,4898.356915,28.806746,0.016183,1707.43,402.11,0.17,991.2,311.04,259.96,136.82,8.24,0.0,0.0,3495.0,38650.0,2.673,0.606,1,25
case_248da6ce8dd7,"Kazan verimi=0.654061 | Chiller COP=5.03805W/W | Sogutma ayar noktasi=25.6411C | Asansor motoru gucu=4912.53W | EPS isil iletkenligi=0.049617W/mK | EPS kalinligi=22.7384cm | Isitma ayar noktasi=17.4424C | Sizdirmazlik carpani=1.34571 | Aydinlatma - ofis, salon, atolye=4.88064W/m2 | Aydinlatma - koridor, merdiven, WC=2.45631W/m2 | Cam tipi=penc_lowe_argon_4mm",penc_lowe_argon_4mm,17.442358,25.641146,5.038051,0.654061,4.880638,2.456311,1.345706,4912.534608,22.738375,0.049617,1653.62,389.44,0.06,1029.12,165.25,260.12,185.92,13.15,0.0,2.33,2499.17,810.0,1.836,0.595,0,25
case_27786261ac74,"Kazan verimi=0.744309 | Chiller COP=2.32668W/W | Sogutma ayar noktasi=29.9931C | Asansor motoru gucu=2927.66W | EPS isil iletkenligi=0.01904W/mK | EPS kalinligi=28.7717cm | Isitma ayar noktasi=20.9609C | Sizdirmazlik carpani=0.451523 | Aydinlatma - ofis, salon, atolye=4.54928W/m2 | Aydinlatma - koridor, merdiven, WC=1.93728W/m2 | Cam tipi=penc_cont_6_4mm",penc_cont_6_4mm,20.960876,29.993146,2.326681,0.744309,4.549277,1.93728,0.451523,2927.657482,28.771668,0.01904,1174.15,276.52,16.51,700.47,149.49,237.36,63.98,6.35,0.0,0.0,3377.17,35300.0,1.682,0.353,0,28
case_29ff699dd322,"Kazan verimi=0.863565 | Chiller COP=3.79607W/W | Sogutma ayar noktasi=24.6171C | Asansor motoru gucu=7180.97W | EPS isil iletkenligi=0.026345W/mK | EPS kalinligi=6.46251cm | Isitma ayar noktasi=21.109C | Sizdirmazlik carpani=0.331856 | Aydinlatma - ofis, salon, atolye=1.48419W/m2 | Aydinlatma - koridor, merdiven, WC=2.87154W/m2 | Cam tipi=penc_lowe_argon_4mm",penc_lowe_argon_4mm,21.109025,24.617146,3.796068,0.863565,1.484188,2.871536,0.331856,7180.96561,6.462513,0.026345,2044.12,481.4,0.25,1470.71,77.64,286.14,195.47,13.92,0.0,0.0,3254.5,19.0,1.836,0.595,2,25
case_2c45d879a232,"Kazan verimi=0.905466 | Chiller COP=5.1605W/W | Sogutma ayar noktasi=29.1611C | Asansor motoru gucu=7195.14W | EPS isil iletkenligi=0.059779W/mK | EPS kalinligi=29.8591cm | Isitma ayar noktasi=18.8868C | Sizdirmazlik carpani=0.587812 | Aydinlatma - ofis, salon, atolye=12.4191W/m2 | Aydinlatma - koridor, merdiven, WC=5.54455W/m2 | Cam tipi=penc_triple_lowe_4mm",penc_triple_lowe_4mm,18.886802,29.161146,5.1605,0.905466,12.4191,5.544547,0.587812,7195.143304,29.859064,0.059779,1618.7,381.21,0.0,795.47,411.39,286.3,116.26,9.27,0.0,0.0,4302.5,48538.0,0.892,0.452,0,25
case_2cdbfd417090,"Kazan verimi=0.789433 | Chiller COP=4.53076W/W | Sogutma ayar noktasi=26.8571C | Asansor motoru gucu=2941.84W | EPS isil iletkenligi=0.052474W/mK | EPS kalinligi=22.7033cm | Isitma ayar noktasi=19.6275C | Sizdirmazlik carpani=0.710803 | Aydinlatma - ofis, salon, atolye=1.40135W/m2 | Aydinlatma - koridor, merdiven, WC=4.61029W/m2 | Cam tipi=penc_snerji_4mm",penc_snerji_4mm,19.627543,26.857146,4.530762,0.789433,1.401348,4.610291,0.710803,2941.835175,22.703297,0.052474,1303.12,306.89,0.35,815.22,97.79,237.52,143.6,8.64,0.0,0.0,3182.5,34133.0,1.739,0.476,0,25
case_2ceb0f4a5d45,"Kazan verimi=0.944436 | Chiller COP=4.54826W/W | Sogutma ayar noktasi=25.0779C | Asansor motoru gucu=3948.45W | EPS isil iletkenligi=0.033696W/mK | EPS kalinligi=13.6183cm | Isitma ayar noktasi=21.5535C | Sizdirmazlik carpani=1.41219 | Aydinlatma - ofis, salon, atolye=12.5019W/m2 | Aydinlatma - koridor, merdiven, WC=3.80579W/m2 | Cam tipi=penc_cont_6_4mm",penc_cont_6_4mm,21.553469,25.077946,4.548255,0.944436,12.50194,3.805792,1.412188,3948.451433,13.61828,0.033696,1598.01,376.34,47.7,748.95,391.24,249.07,146.95,14.1,0.0,0.0,458.67,3.0,1.682,0.353,0,25
case_2fd5f75f20c0,"Kazan verimi=0.721747 | Chiller COP=3.91852W/W | Sogutma ayar noktasi=28.1371C | Asansor motoru gucu=1977.75W | EPS isil iletkenligi=0.036553W/mK | EPS kalinligi=13.5832cm | Isitma ayar noktasi=17.109C | Sizdirmazlik carpani=0.777285 | Aydinlatma - ofis, salon, atolye=9.10549W/m2 | Aydinlatma - koridor, merdiven, WC=5.95977W/m2 | Cam tipi=penc_triple_lowe_4mm",penc_triple_lowe_4mm,17.109025,28.137146,3.918517,0.721747,9.10549,5.959772,0.777285,1977.752,13.583202,0.036553,1742.04,410.26,0.0,1055.01,326.05,226.46,124.84,9.68,0.0,0.83,4168.67,45206.0,0.892,0.452,0,25
case_3136472f1886,"Kazan verimi=0.944143 | Chiller COP=2.30919W/W | Sogutma ayar noktasi=23.7851C | Asansor motoru gucu=1921.04W | EPS isil iletkenligi=0.037864W/mK | EPS kalinligi=8.39176cm | Isitma ayar noktasi=18.7387C | Sizdirmazlik carpani=0.950138 | Aydinlatma - ofis, salon, atolye=7.44869W/m2 | Aydinlatma - koridor, merdiven, WC=2.74178W/m2 | Cam tipi=penc_triple_lowe_4mm",penc_triple_lowe_4mm,18.738654,23.785146,2.309188,0.944143,7.448685,2.741778,0.950138,1921.041225,8.391764,0.037864,3025.36,712.49,0.02,2342.53,239.22,225.81,203.15,14.62,0.0,2.67,591.83,112.0,0.892,0.452,5,25
case_339536ecbc15,"Kazan verimi=0.802325 | Chiller COP=4.88062W/W | Sogutma ayar noktasi=25.0651C | Asansor motoru gucu=616.693W | EPS isil iletkenligi=0.032057W/mK | EPS kalinligi=4.3228cm | Isitma ayar noktasi=23.7387C | Sizdirmazlik carpani=0.697507 | Aydinlatma - ofis, salon, atolye=3.14099W/m2 | Aydinlatma - koridor, merdiven, WC=0.977073W/m2 | Cam tipi=penc_cont_6_4mm",penc_cont_6_4mm,23.738654,25.065146,4.880616,0.802325,3.140993,0.977073,0.697507,616.693399,4.322798,0.032057,1218.06,286.86,167.38,604.93,98.57,210.85,120.18,16.16,0.0,0.0,987.5,3.0,1.682,0.353,0,25
case_353809add3d6,"Kazan verimi=0.824887 | Chiller COP=5.3879W/W | Sogutma ayar noktasi=28.4571C | Asansor motoru gucu=3267.92W | EPS isil iletkenligi=0.053925W/mK | EPS kalinligi=23.7205cm | Isitma ayar noktasi=23.6275C | Sizdirmazlik carpani=0.773961 | Aydinlatma - ofis, salon, atolye=2.56111W/m2 | Aydinlatma - koridor, merdiven, WC=5.05147W/m2 | Cam tipi=penc_cont_6_4mm",penc_cont_6_4mm,23.627543,28.457146,5.387905,0.824887,2.561111,5.051467,0.773961,3267.922132,23.720539,0.053925,947.7,223.19,127.89,351.43,135.22,241.26,81.59,10.31,0.0,0.0,2996.67,33803.0,1.682,0.353,0,23
case_37db7c55349c,"Kazan verimi=0.802618 | Chiller COP=6.99723W/W | Sogutma ayar noktasi=28.2011C | Asansor motoru gucu=2644.1W | EPS isil iletkenligi=0.027843W/mK | EPS kalinligi=9.54931cm | Isitma ayar noktasi=19.2201C | Sizdirmazlik carpani=1.15956 | Aydinlatma - ofis, salon, atolye=8.19425W/m2 | Aydinlatma - koridor, merdiven, WC=2.04109W/m2 | Cam tipi=penc_cont_6_4mm",penc_cont_6_4mm,19.220136,28.201146,6.997235,0.802618,8.194247,2.041086,1.159557,2644.103606,9.549314,0.027843,890.91,209.82,9.99,300.05,250.59,234.11,89.02,7.16,0.0,0.0,3258.67,35794.0,1.682,0.353,0,28
case_3c25a9741b16,"Kazan verimi=0.618606 | Chiller COP=4.18091W/W | Sogutma ayar noktasi=24.0411C | Asansor motoru gucu=4586.45W | EPS isil iletkenligi=0.048166W/mK | EPS kalinligi=21.7211cm | Isitma ayar noktasi=23.4424C | Sizdirmazlik carpani=1.28255 | Aydinlatma - ofis, salon, atolye=3.80371W/m2 | Aydinlatma - koridor, merdiven, WC=2.01513W/m2 | Cam tipi=penc_triple_lowe_4mm",penc_triple_lowe_4mm,23.442358,24.041146,4.180908,0.618606,3.803715,2.015135,1.282548,4586.447652,21.721133,0.048166,1925.72,453.52,110.01,1215.82,130.09,256.38,191.64,21.79,0.0,3.67,421.0,0.0,0.892,0.452,0,25
case_3e4e2831d4b4,"Kazan verimi=0.782986 | Chiller COP=3.18382W/W | Sogutma ayar noktasi=24.4609C | Asansor motoru gucu=3253.74W | EPS isil iletkenligi=0.020491W/mK | EPS kalinligi=29.7889cm | Isitma ayar noktasi=23.9609C | Sizdirmazlik carpani=0.514681 | Aydinlatma - ofis, salon, atolye=5.6262W/m2 | Aydinlatma - koridor, merdiven, WC=2.37846W/m2 | Cam tipi=penc_renk_6mm",penc_renk_6mm,23.960876,24.460876,3.183823,0.782986,5.6262,2.378457,0.514681,3253.744438,29.78891,0.020491,2632.81,620.04,201.12,1765.26,184.65,241.1,216.5,24.18,0.0,0.0,1979.33,13.0,2.673,0.606,0,25
case_400265c847ec,"Kazan verimi=0.983114 | Chiller COP=2.95642W/W | Sogutma ayar noktasi=28.9179C | Asansor motoru gucu=7875.67W | EPS isil iletkenligi=0.051116W/mK | EPS kalinligi=25.8252cm | Isitma ayar noktasi=21.9979C | Sizdirmazlik carpani=0.973407 | Aydinlatma - ofis, salon, atolye=11.5079W/m2 | Aydinlatma - koridor, merdiven, WC=1.62586W/m2 | Cam tipi=penc_lowe_argon_4mm",penc_lowe_argon_4mm,21.997913,28.917946,2.956418,0.983114,11.507857,1.625862,0.973407,7875.672605,25.825176,0.051116,2257.23,531.59,1.3,1479.86,335.93,294.11,134.68,11.36,0.0,0.0,4101.5,43772.0,1.836,0.595,0,30
case_425cbddc8b0c,"Kazan verimi=0.947367 | Chiller COP=5.98266W/W | Sogutma ayar noktasi=26.0251C | Asansor motoru gucu=5508W | EPS isil iletkenligi=0.053832W/mK | EPS kalinligi=19.5814cm | Isitma ayar noktasi=17.072C | Sizdirmazlik carpani=0.444875 | Aydinlatma - ofis, salon, atolye=5.37768W/m2 | Aydinlatma - koridor, merdiven, WC=7.59472W/m2",penc_std_4mm,17.071988,26.025146,5.982657,0.947367,5.377679,7.59472,0.444875,5507.997746,19.581419,0.053832,1586.66,373.67,0.0,881.01,245.1,266.95,180.74,12.86,0.0,0.0,3435.33,35358.0,2.718,0.731,0,25
case_45bab0cb2e90,"Kazan verimi=0.625052 | Chiller COP=4.14592W/W | Sogutma ayar noktasi=26.9851C | Asansor motoru gucu=2573.22W | EPS isil iletkenligi=0.040767W/mK | EPS kalinligi=10.4262cm | Isitma ayar noktasi=16.7387C | Sizdirmazlik carpani=1.07645 | Aydinlatma - ofis, salon, atolye=9.60253W/m2 | Aydinlatma - koridor, merdiven, WC=3.62413W/m2 | Cam tipi=penc_renk_6mm",penc_renk_6mm,16.738654,26.985146,4.145923,0.625052,9.602531,3.624131,1.076454,2573.215138,10.426246,0.040767,1785.54,420.51,0.0,1063.84,309.54,233.29,168.48,10.39,0.0,0.17,3106.83,35831.0,2.673,0.606,0,25
case_460937fa0a8e,"Kazan verimi=0.982821 | Chiller COP=6.8398W/W | Sogutma ayar noktasi=27.6251C | Asansor motoru gucu=5834.08W | EPS isil iletkenligi=0.055283W/mK | EPS kalinligi=20.5987cm | Isitma ayar noktasi=20.072C | Sizdirmazlik carpani=0.508033 | Aydinlatma - ofis, salon, atolye=6.4546W/m2 | Aydinlatma - koridor, merdiven, WC=0.561848W/m2 | Cam tipi=penc_triple_lowe_4mm",penc_triple_lowe_4mm,20.071988,27.625146,6.8398,0.982821,6.454602,0.561848,0.508033,5834.084703,20.59866,0.055283,1187.85,279.74,0.0,600.81,183.91,270.69,123.06,9.38,0.0,0.67,4179.33,43906.0,0.892,0.452,0,25
case_48b034d2f8b7,"Kazan verimi=0.644391 | Chiller COP=6.97974W/W | Sogutma ayar noktasi=29.6731C | Asansor motoru gucu=1637.49W | EPS isil iletkenligi=0.046667W/mK | EPS kalinligi=18.6343cm | Isitma ayar noktasi=15.6275C | Sizdirmazlik carpani=0.454848 | Aydinlatma - ofis, salon, atolye=11.0937W/m2 | Aydinlatma - koridor, merdiven, WC=2.84558W/m2 | Cam tipi=penc_triple_lowe_4mm",penc_triple_lowe_4mm,15.627543,29.673146,6.979742,0.644391,11.093656,2.845585,0.454848,1637.487349,18.634332,0.046667,1230.02,289.68,0.0,552.17,340.32,222.56,106.7,8.27,0.0,0.0,4336.33,48755.0,0.892,0.452,1,25
case_499029d1669d,"Kazan verimi=0.866788 | Chiller COP=6.62989W/W | Sogutma ayar noktasi=25.3211C | Asansor motoru gucu=3282.1W | EPS isil iletkenligi=0.042359W/mK | EPS kalinligi=17.6522cm | Isitma ayar noktasi=18.4424C | Sizdirmazlik carpani=1.02992 | Aydinlatma - ofis, salon, atolye=13.4132W/m2 | Aydinlatma - koridor, merdiven, WC=7.72448W/m2 | Cam tipi=penc_snerji_4mm",penc_snerji_4mm,18.442358,25.321146,6.629888,0.866788,13.413182,7.724477,1.029917,3282.099826,17.652168,0.042359,1689.06,397.78,0.0,768.03,466.7,241.42,199.95,12.95,0.0,1.17,793.17,178.0,1.739,0.476,0,25
case_499891e88643,"Kazan verimi=0.705631 | Chiller COP=4.75817W/W | Sogutma ayar noktasi=27.6891C | Asansor motoru gucu=6500.44W | EPS isil iletkenligi=0.04662W/mK | EPS kalinligi=16.5648cm | Isitma ayar noktasi=23.1831C | Sizdirmazlik carpani=0.893629 | Aydinlatma - ofis, salon, atolye=5.54336W/m2 | Aydinlatma - koridor, merdiven, WC=4.11721W/m2 | Cam tipi=penc_lowe_argon_4mm",penc_lowe_argon_4mm,23.183099,27.689146,4.758167,0.705631,5.54336,4.117211,0.893629,6500.43631,16.564772,0.04662,1616.89,380.79,17.76,955.98,204.8,278.33,145.83,14.18,0.0,0.0,3901.0,41317.0,1.836,0.595,0,25
case_4a905d8fec7d,"Kazan verimi=0.966705 | Chiller COP=2.81648W/W | Sogutma ayar noktasi=27.1771C | Asansor motoru gucu=4572.27W | EPS isil iletkenligi=0.059732W/mK | EPS kalinligi=27.7895cm | Isitma ayar noktasi=23.7757C | Sizdirmazlik carpani=1.02659 | Aydinlatma - ofis, salon, atolye=6.8688W/m2 | Aydinlatma - koridor, merdiven, WC=6.81617W/m2 | Cam tipi=penc_lowe_argon_4mm",penc_lowe_argon_4mm,23.775691,27.177146,2.816476,0.966705,6.868804,6.816173,1.026593,4572.269958,27.789504,0.059732,2469.75,581.64,26.29,1735.62,275.87,256.22,159.33,16.42,0.0,0.0,3791.0,40560.0,1.836,0.595,4,25
case_4c50e7fb3712,"Kazan verimi=0.692738 | Chiller COP=3.44621W/W | Sogutma ayar noktasi=29.4811C | Asansor motoru gucu=1339.76W | EPS isil iletkenligi=0.022037W/mK | EPS kalinligi=5.48035cm | Isitma ayar noktasi=15.2201C | Sizdirmazlik carpani=0.906925 | Aydinlatma - ofis, salon, atolye=3.88655W/m2 | Aydinlatma - koridor, merdiven, WC=7.75043W/m2 | Cam tipi=penc_cont_6_4mm",penc_cont_6_4mm,15.220136,29.481146,3.446214,0.692738,3.886555,7.750429,0.906925,1339.75578,5.480349,0.022037,986.57,232.34,0.0,485.4,206.29,219.15,72.26,3.48,0.0,0.0,3477.33,36551.0,1.682,0.353,0,23
case_4c9499b830ea,"Kazan verimi=0.676623 | Chiller COP=4.28586W/W | Sogutma ayar noktasi=29.0331C | Asansor motoru gucu=5862.44W | EPS isil iletkenligi=0.032151W/mK | EPS kalinligi=8.46192cm | Isitma ayar noktasi=21.2942C | Sizdirmazlik carpani=1.02327 | Aydinlatma - ofis, salon, atolye=14.2416W/m2 | Aydinlatma - koridor, merdiven, WC=5.90787W/m2",penc_std_4mm,21.29421,29.033146,4.285864,0.676623,14.241585,5.907868,1.023269,5862.44009,8.461918,0.032151,1901.06,447.71,8.22,1003.22,465.96,271.02,140.77,11.87,0.0,0.17,3693.33,41648.0,2.718,0.731,0,28
case_4ce2cba52075,"Kazan verimi=0.986337 | Chiller COP=5.79024W/W | Sogutma ayar noktasi=23.1579C | Asansor motoru gucu=3962.63W | EPS isil iletkenligi=0.022083W/mK | EPS kalinligi=7.54991cm | Isitma ayar noktasi=19.3312C | Sizdirmazlik carpani=0.468144 | Aydinlatma - ofis, salon, atolye=9.43685W/m2 | Aydinlatma - koridor, merdiven, WC=6.4788W/m2 | Cam tipi=penc_snerji_4mm",penc_snerji_4mm,19.331247,23.157946,5.790237,0.986337,9.436851,6.478803,0.468144,3962.629126,7.549909,0.022083,1859.63,437.95,0.07,1005.11,341.81,249.23,247.95,15.45,0.0,2.67,1037.67,115.0,1.739,0.476,0,25
case_4dc764a29d56,"Kazan verimi=0.741086 | Chiller COP=5.61531W/W | Sogutma ayar noktasi=29.2891C | Asansor motoru gucu=6826.52W | EPS isil iletkenligi=0.048072W/mK | EPS kalinligi=17.582cm | Isitma ayar noktasi=17.1831C | Sizdirmazlik carpani=0.956787 | Aydinlatma - ofis, salon, atolye=6.62028W/m2 | Aydinlatma - koridor, merdiven, WC=4.55839W/m2 | Cam tipi=penc_renk_6mm",penc_renk_6mm,17.183099,29.289146,5.61531,0.741086,6.620283,4.558387,0.956787,6826.523266,17.582013,0.048072,1248.08,293.93,0.02,593.57,239.96,282.07,125.15,7.31,0.0,0.17,3551.83,39186.0,2.673,0.606,0,25
case_4e04a81377e6,"Kazan verimi=0.953813 | Chiller COP=7.20715W/W | Sogutma ayar noktasi=28.9691C | Asansor motoru gucu=5196.09W | EPS isil iletkenligi=0.040814W/mK | EPS kalinligi=12.4958cm | Isitma ayar noktasi=18.1831C | Sizdirmazlik carpani=0.640997 | Aydinlatma - ofis, salon, atolye=1.15283W/m2 | Aydinlatma - koridor, merdiven, WC=2.3525W/m2 | Cam tipi=penc_cont_6_4mm",penc_cont_6_4mm,18.183099,28.969146,7.207147,0.953813,1.152827,2.352505,0.640997,5196.088484,12.495806,0.040814,630.88,148.57,1.46,231.09,61.88,263.37,69.16,3.91,0.0,0.0,3563.0,36336.0,1.682,0.353,0,23
case_4ee9e2b90f6b,"Kazan verimi=0.650838 | Chiller COP=2.20423W/W | Sogutma ayar noktasi=24.9371C | Asansor motoru gucu=1325.58W | EPS isil iletkenligi=0.03365W/mK | EPS kalinligi=11.5487cm | Isitma ayar noktasi=19.109C | Sizdirmazlik carpani=0.650969 | Aydinlatma - ofis, salon, atolye=6.95164W/m2 | Aydinlatma - koridor, merdiven, WC=5.07742W/m2",penc_std_4mm,19.109025,24.937146,2.204232,0.650838,6.951644,5.077419,0.650969,1325.578087,11.54872,0.03365,3317.24,781.23,0.12,2617.36,255.73,218.98,209.98,15.07,0.0,0.0,1828.67,354.0,2.718,0.731,0,25
case_4fb6dade72a1,"Kazan verimi=0.679846 | Chiller COP=7.83688W/W | Sogutma ayar noktasi=23.2731C | Asansor motoru gucu=1963.57W | EPS isil iletkenligi=0.048119W/mK | EPS kalinligi=19.6516cm | Isitma ayar noktasi=18.6275C | Sizdirmazlik carpani=0.518005 | Aydinlatma - ofis, salon, atolye=12.1706W/m2 | Aydinlatma - koridor, merdiven, WC=3.28676W/m2 | Cam tipi=penc_lowe_argon_4mm",penc_lowe_argon_4mm,18.627543,23.273146,7.836885,0.679846,12.170579,3.286761,0.518005,1963.574306,19.651573,0.048119,1760.62,414.64,0.0,879.05,375.48,226.3,260.77,19.01,0.0,4.33,758.0,4.0,1.836,0.595,0,25
case_50ad40b1a577,"Kazan verimi=0.834557 | Chiller COP=3.32376W/W | Sogutma ayar noktasi=25.9611C | Asansor motoru gucu=6542.97W | EPS isil iletkenligi=0.056875W/mK | EPS kalinligi=27.8246cm | Isitma ayar noktasi=21.8868C | Sizdirmazlik carpani=0.461496 | Aydinlatma - ofis, salon, atolye=10.2653W/m2 | Aydinlatma - koridor, merdiven, WC=4.66219W/m2",penc_std_4mm,21.886802,25.961146,3.323765,0.834557,10.265253,4.662194,0.461496,6542.969391,27.824582,0.056875,2510.12,591.15,8.37,1677.88,341.07,278.82,188.47,15.5,0.0,0.0,3312.5,462.0,2.718,0.731,0,28
case_5288785a37f1,"Kazan verimi=0.799102 | Chiller COP=2.46662W/W | Sogutma ayar noktasi=24.3611C | Asansor motoru gucu=6216.88W | EPS isil iletkenligi=0.055424W/mK | EPS kalinligi=26.8073cm | Isitma ayar noktasi=17.8868C | Sizdirmazlik carpani=0.398338 | Aydinlatma - ofis, salon, atolye=9.18833W/m2 | Aydinlatma - koridor, merdiven, WC=4.22102W/m2 | Cam tipi=penc_cont_6_4mm",penc_cont_6_4mm,17.886802,24.361146,2.466622,0.799102,9.18833,4.221017,0.398338,6216.882434,26.80734,0.055424,2211.99,520.94,0.0,1477.46,305.9,275.08,144.93,8.62,0.0,0.0,2182.17,815.0,1.682,0.353,0,25
case_531e67325edd,"Kazan verimi=0.899019 | Chiller COP=4.77566W/W | Sogutma ayar noktasi=26.2171C | Asansor motoru gucu=7507.05W | EPS isil iletkenligi=0.027796W/mK | EPS kalinligi=7.47975cm | Isitma ayar noktasi=15.109C | Sizdirmazlik carpani=0.395014 | Aydinlatma - ofis, salon, atolye=2.64395W/m2 | Aydinlatma - koridor, merdiven, WC=3.31271W/m2 | Cam tipi=penc_renk_6mm",penc_renk_6mm,15.109025,26.217146,4.77566,0.899019,2.643952,3.312713,0.395014,7507.052567,7.479754,0.027796,1518.53,357.62,0.0,935.35,115.07,289.88,168.13,10.09,0.0,0.0,3732.0,33451.0,2.673,0.606,0,25
case_539ea5fe14b4,"Kazan verimi=0.973152 | Chiller COP=3.20132W/W | Sogutma ayar noktasi=22.1211C | Asansor motoru gucu=4260.36W | EPS isil iletkenligi=0.046714W/mK | EPS kalinligi=20.7039cm | Isitma ayar noktasi=19.4424C | Sizdirmazlik carpani=1.21939 | Aydinlatma - ofis, salon, atolye=2.72679W/m2 | Aydinlatma - koridor, merdiven, WC=1.57396W/m2 | Cam tipi=penc_lowe_4mm",penc_lowe_4mm,19.442358,22.121146,3.201316,0.973152,2.726792,1.573958,1.219391,4260.360695,20.703892,0.046714,2718.22,640.16,3.09,2055.19,94.92,252.64,292.35,20.01,0.0,4.83,798.0,1654.0,1.943,0.591,0,25
case_54604fed2b61,"Kazan verimi=0.882904 | Chiller COP=5.49286W/W | Sogutma ayar noktasi=25.7691C | Asansor motoru gucu=4543.91W | EPS isil iletkenligi=0.037911W/mK | EPS kalinligi=10.4613cm | Isitma ayar noktasi=21.1831C | Sizdirmazlik carpani=0.511357 | Aydinlatma - ofis, salon, atolye=12.999W/m2 | Aydinlatma - koridor, merdiven, WC=1.47015W/m2 | Cam tipi=penc_lowe_4mm",penc_lowe_4mm,21.183099,25.769146,5.492861,0.882904,12.998981,1.470152,0.511357,4543.914571,10.461324,0.037911,1875.14,441.61,0.0,1040.89,374.74,255.89,189.08,14.54,0.0,1.83,3259.33,289.0,1.943,0.591,0,30
case_56675fe8c17a,"Kazan verimi=0.666953 | Chiller COP=6.22755W/W | Sogutma ayar noktasi=23.8491C | Asansor motoru gucu=2587.39W | EPS isil iletkenligi=0.029154W/mK | EPS kalinligi=4.35787cm | Isitma ayar noktasi=21.8498C | Sizdirmazlik carpani=1.33241 | Aydinlatma - ofis, salon, atolye=6.53744W/m2 | Aydinlatma - koridor, merdiven, WC=6.29714W/m2 | Cam tipi=penc_cont_6_4mm",penc_cont_6_4mm,21.849765,23.849146,6.227555,0.666953,6.537443,6.297142,1.33241,2587.392831,4.357875,0.029154,1362.5,320.88,112.14,577.54,260.11,233.46,163.8,15.46,0.0,0.0,344.5,0.0,1.682,0.353,0,25
case_5ab43b3de165,"Kazan verimi=0.963482 | Chiller COP=5.26546W/W | Sogutma ayar noktasi=26.4731C | Asansor motoru gucu=985.313W | EPS isil iletkenligi=0.043764W/mK | EPS kalinligi=16.5998cm | Isitma ayar noktasi=20.2942C | Sizdirmazlik carpani=0.328532 | Aydinlatma - ofis, salon, atolye=8.93981W/m2 | Aydinlatma - koridor, merdiven, WC=1.96323W/m2 | Cam tipi=penc_renk_6mm",penc_renk_6mm,20.29421,26.473146,5.265456,0.963482,8.93981,1.963232,0.328532,985.313436,16.599849,0.043764,1574.5,370.8,1.78,903.94,269.99,215.08,171.9,11.81,0.0,0.0,3961.33,35168.0,2.673,0.606,0,28
case_5aded321a61d,"Kazan verimi=0.847449 | Chiller COP=4.63572W/W | Sogutma ayar noktasi=24.1691C | Asansor motoru gucu=4217.83W | EPS isil iletkenligi=0.036459W/mK | EPS kalinligi=9.44408cm | Isitma ayar noktasi=19.8498C | Sizdirmazlik carpani=0.448199 | Aydinlatma - ofis, salon, atolye=11.9221W/m2 | Aydinlatma - koridor, merdiven, WC=1.02898W/m2 | Cam tipi=penc_snerji_4mm",penc_snerji_4mm,19.849765,24.169146,4.635718,0.847449,11.922058,1.028976,0.448199,4217.827614,9.444082,0.036459,1990.94,468.88,0.12,1169.05,339.57,252.15,216.14,13.9,0.0,1.83,1729.17,147.0,1.739,0.476,2,25
case_5b40fcb55862,"Kazan verimi=0.857119 | Chiller COP=2.57158W/W | Sogutma ayar noktasi=29.3531C | Asansor motoru gucu=7492.87W | EPS isil iletkenligi=0.039409W/mK | EPS kalinligi=13.5481cm | Isitma ayar noktasi=19.2942C | Sizdirmazlik carpani=1.33906 | Aydinlatma - ofis, salon, atolye=5.70904W/m2 | Aydinlatma - koridor, merdiven, WC=0.639702W/m2 | Cam tipi=penc_lowe_4mm",penc_lowe_4mm,19.29421,29.353146,2.571579,0.857119,5.70904,0.639702,1.339058,7492.874873,13.548125,0.039409,1962.0,462.06,1.09,1378.03,164.5,289.72,120.12,8.54,0.0,0.17,3902.5,40732.0,1.943,0.591,0,25
case_5bcebd547d89,"Kazan verimi=0.821664 | Chiller COP=7.71444W/W | Sogutma ayar noktasi=27.7531C | Asansor motoru gucu=7166.79W | EPS isil iletkenligi=0.037958W/mK | EPS kalinligi=12.5309cm | Isitma ayar noktasi=16.2942C | Sizdirmazlik carpani=1.2759 | Aydinlatma - ofis, salon, atolye=4.63212W/m2 | Aydinlatma - koridor, merdiven, WC=7.67257W/m2 | Cam tipi=penc_snerji_4mm",penc_snerji_4mm,16.29421,27.753146,7.714436,0.821664,4.632117,7.672574,1.2759,7166.787917,12.530884,0.037958,1105.08,260.25,0.0,446.29,225.7,285.98,139.16,7.95,0.0,0.5,3531.17,36034.0,1.739,0.476,0,25
case_5d6ddf4b4ffc,"Kazan verimi=0.908689 | Chiller COP=7.45205W/W | Sogutma ayar noktasi=29.8651C | Asansor motoru gucu=1594.95W | EPS isil iletkenligi=0.036412W/mK | EPS kalinligi=7.37452cm | Isitma ayar noktasi=15.7387C | Sizdirmazlik carpani=0.886981 | Aydinlatma - ofis, salon, atolye=6.37176W/m2 | Aydinlatma - koridor, merdiven, WC=2.3006W/m2 | Cam tipi=penc_lowe_4mm",penc_lowe_4mm,15.738654,29.865146,7.452045,0.908689,6.371762,2.300602,0.886981,1594.954268,7.374522,0.036412,1026.87,241.83,0.0,478.71,204.06,222.07,114.24,7.8,0.0,0.0,4007.17,42642.0,1.943,0.591,0,25
case_619d9c9b0148,"Kazan verimi=0.631499 | Chiller COP=5.37041W/W | Sogutma ayar noktasi=29.9291C | Asansor motoru gucu=2261.31W | EPS isil iletkenligi=0.027703W/mK | EPS kalinligi=3.34063cm | Isitma ayar noktasi=17.8498C | Sizdirmazlik carpani=1.26925 | Aydinlatma - ofis, salon, atolye=5.46052W/m2 | Aydinlatma - koridor, merdiven, WC=5.85597W/m2 | Cam tipi=penc_snerji_4mm",penc_snerji_4mm,17.849765,29.929146,5.370412,0.631499,5.46052,5.855965,1.269252,2261.305875,3.340634,0.027703,1059.91,249.62,0.33,489.96,224.95,229.72,109.14,5.83,0.0,0.0,3779.67,39035.0,1.739,0.476,0,25
case_62b9d6d49299,"Kazan verimi=0.912205 | Chiller COP=7.24213W/W | Sogutma ayar noktasi=25.7179C | Asansor motoru gucu=7209.32W | EPS isil iletkenligi=0.048212W/mK | EPS kalinligi=23.7907cm | Isitma ayar noktasi=23.9979C | Sizdirmazlik carpani=0.847091 | Aydinlatma - ofis, salon, atolye=9.35401W/m2 | Aydinlatma - koridor, merdiven, WC=0.743509W/m2",penc_std_4mm,23.997913,25.717946,7.242132,0.912205,9.354011,0.743509,0.847091,7209.320998,23.790693,0.048212,1633.06,384.59,101.06,764.18,265.61,286.46,192.49,23.26,0.0,0.0,2245.67,282.0,2.718,0.731,0,25
case_67593068db6f,"Kazan verimi=0.844226 | Chiller COP=6.96225W/W | Sogutma ayar noktasi=23.9053C | Asansor motoru gucu=630.871W | EPS isil iletkenligi=0.020445W/mK | EPS kalinligi=27.7193cm | Isitma ayar noktasi=23.4053C | Sizdirmazlik carpani=0.953463 | Aydinlatma - ofis, salon, atolye=13.9931W/m2 | Aydinlatma - koridor, merdiven, WC=3.65008W/m2 | Cam tipi=penc_lowe_4mm",penc_lowe_4mm,23.405321,23.905321,6.962249,0.844226,13.993064,3.650083,0.953463,630.871092,27.71935,0.020445,1954.72,460.35,80.75,959.44,430.05,211.02,247.59,25.87,0.0,1.0,410.5,0.0,1.943,0.591,0,25
case_67bfc20c01c4,"Kazan verimi=0.602491 | Chiller COP=4.89811W/W | Sogutma ayar noktasi=23.5931C | Asansor motoru gucu=1623.31W | EPS isil iletkenligi=0.058233W/mK | EPS kalinligi=24.7027cm | Isitma ayar noktasi=19.5164C | Sizdirmazlik carpani=1.39889 | Aydinlatma - ofis, salon, atolye=14.1587W/m2 | Aydinlatma - koridor, merdiven, WC=7.64662W/m2 | Cam tipi=penc_lowe_argon_4mm",penc_lowe_argon_4mm,19.516432,23.593146,4.898109,0.602491,14.158744,7.646623,1.398892,1623.309656,24.702703,0.058233,2413.42,568.37,0.52,1415.99,486.11,222.4,269.19,19.21,0.0,4.0,330.0,148.0,1.836,0.595,0,25
case_6ad16c6da96f,"Kazan verimi=0.931251 | Chiller COP=7.95933W/W | Sogutma ayar noktasi=25.5771C | Asansor motoru gucu=4246.18W | EPS isil iletkenligi=0.05828W/mK | EPS kalinligi=26.7723cm | Isitma ayar noktasi=20.7757C | Sizdirmazlik carpani=0.963435 | Aydinlatma - ofis, salon, atolye=5.79188W/m2 | Aydinlatma - koridor, merdiven, WC=6.375W/m2 | Cam tipi=penc_triple_lowe_4mm",penc_triple_lowe_4mm,20.775691,25.577146,7.959334,0.931251,5.791881,6.374996,0.963435,4246.183002,26.772263,0.05828,1263.5,297.56,0.46,595.76,240.71,252.48,161.78,12.31,0.0,1.67,1457.33,273.0,0.892,0.452,1,25
case_6c11ae5535bc,"Kazan verimi=0.811995 | Chiller COP=3.65613W/W | Sogutma ayar noktasi=22.2491C | Asansor motoru gucu=3891.74W | EPS isil iletkenligi=0.035007W/mK | EPS kalinligi=8.42684cm | Isitma ayar noktasi=16.8498C | Sizdirmazlik carpani=0.385042 | Aydinlatma - ofis, salon, atolye=10.8451W/m2 | Aydinlatma - koridor, merdiven, WC=0.587799W/m2 | Cam tipi=penc_lowe_argon_4mm",penc_lowe_argon_4mm,16.849765,22.249146,3.656127,0.811995,10.845135,0.587799,0.385042,3891.740658,8.426841,0.035007,2827.13,665.8,0.0,1960.63,304.41,248.41,293.53,20.14,0.0,3.0,981.0,44.0,1.836,0.595,0,25
case_6c6427f6dca7,"Kazan verimi=0.731416 | Chiller COP=6.71735W/W | Sogutma ayar noktasi=24.1051C | Asansor motoru gucu=3551.48W | EPS isil iletkenligi=0.045122W/mK | EPS kalinligi=13.478cm | Isitma ayar noktasi=15.072C | Sizdirmazlik carpani=1.26593 | Aydinlatma - ofis, salon, atolye=12.8333W/m2 | Aydinlatma - koridor, merdiven, WC=4.94766W/m2 | Cam tipi=penc_lowe_argon_4mm",penc_lowe_argon_4mm,15.071988,24.105146,6.717351,0.731416,12.833301,4.947661,1.265928,3551.476007,13.47797,0.045122,1893.39,445.9,0.0,971.49,415.03,244.51,244.7,17.65,0.0,2.83,403.33,133.0,1.836,0.595,2,25
case_6d180c2b6358,"Kazan verimi=0.731709 | Chiller COP=2.83397W/W | Sogutma ayar noktasi=25.3979C | Asansor motoru gucu=5578.89W | EPS isil iletkenligi=0.040954W/mK | EPS kalinligi=18.7045cm | Isitma ayar noktasi=19.5535C | Sizdirmazlik carpani=0.527978 | Aydinlatma - ofis, salon, atolye=3.9694W/m2 | Aydinlatma - koridor, merdiven, WC=6.01168W/m2 | Cam tipi=penc_snerji_4mm",penc_snerji_4mm,19.553469,25.397946,2.833969,0.731709,3.969395,6.011675,0.527978,5578.886215,18.704486,0.040954,2228.04,524.72,0.01,1587.92,186.15,267.76,175.34,10.86,0.0,0.0,1927.83,168.0,1.739,0.476,2,25
case_6d938af0e736,"Kazan verimi=0.708854 | Chiller COP=7.46954W/W | Sogutma ayar noktasi=28.3931C | Asansor motoru gucu=2601.57W | EPS isil iletkenligi=0.017588W/mK | EPS kalinligi=27.7544cm | Isitma ayar noktasi=20.5164C | Sizdirmazlik carpani=0.388366 | Aydinlatma - ofis, salon, atolye=3.47235W/m2 | Aydinlatma - koridor, merdiven, WC=1.4961W/m2 | Cam tipi=penc_snerji_4mm",penc_snerji_4mm,20.516432,28.393146,7.469538,0.708854,3.472354,1.496104,0.388366,2601.570525,27.754427,0.017588,918.88,216.4,0.01,443.43,114.33,233.62,120.18,7.32,0.0,0.0,4142.83,39768.0,1.739,0.476,2,28
case_6f629d16effb,"Kazan verimi=0.792656 | Chiller COP=2.08178W/W | Sogutma ayar noktasi=29.0971C | Asansor motoru gucu=6528.79W | EPS isil iletkenligi=0.023441W/mK | EPS kalinligi=4.42803cm | Isitma ayar noktasi=16.7757C | Sizdirmazlik carpani=1.40554 | Aydinlatma - ofis, salon, atolye=13.3303W/m2 | Aydinlatma - koridor, merdiven, WC=1.98918W/m2 | Cam tipi=penc_lowe_4mm",penc_lowe_4mm,16.775691,29.097146,2.081783,0.792656,13.330342,1.989183,1.40554,6528.791697,4.42803,0.023441,2777.45,654.11,0.0,1963.67,390.5,278.66,135.25,9.38,0.0,0.0,3947.67,41685.0,1.943,0.591,0,25
case_716eece7857b,"Kazan verimi=0.605714 | Chiller COP=2.44913W/W | Sogutma ayar noktasi=25.8331C | Asansor motoru gucu=5210.27W | EPS isil iletkenligi=0.029201W/mK | EPS kalinligi=6.42744cm | Isitma ayar noktasi=16.9609C | Sizdirmazlik carpani=0.896953 | Aydinlatma - ofis, salon, atolye=12.0877W/m2 | Aydinlatma - koridor, merdiven, WC=5.02552W/m2 | Cam tipi=penc_snerji_4mm",penc_snerji_4mm,16.960876,25.833146,2.44913,0.605714,12.087739,5.025516,0.896953,5210.266177,6.427435,0.029201,2788.03,656.6,0.0,1934.68,395.63,263.54,182.49,11.69,0.0,0.0,1828.17,392.0,1.739,0.476,0,25
case_72a0b1cadc35,"Kazan verimi=0.757201 | Chiller COP=4.05846W/W | Sogutma ayar noktasi=29.7371C | Asansor motoru gucu=2303.84W | EPS isil iletkenligi=0.038004W/mK | EPS kalinligi=14.6004cm | Isitma ayar noktasi=20.109C | Sizdirmazlik carpani=0.840443 | Aydinlatma - ofis, salon, atolye=10.1824W/m2 | Aydinlatma - koridor, merdiven, WC=6.40095W/m2 | Cam tipi=penc_lowe_argon_4mm",penc_lowe_argon_4mm,20.109025,29.737146,4.058459,0.757201,10.182413,6.400948,0.840443,2303.838956,14.600444,0.038004,1738.27,409.37,0.0,1013.4,361.22,230.2,124.24,9.21,0.0,0.0,4169.33,45444.0,1.836,0.595,0,25
case_72cd2eeff018,"Kazan verimi=0.960259 | Chiller COP=7.59199W/W | Sogutma ayar noktasi=24.2331C | Asansor motoru gucu=4884.18W | EPS isil iletkenligi=0.027749W/mK | EPS kalinligi=5.41019cm | Isitma ayar noktasi=22.9609C | Sizdirmazlik carpani=0.833795 | Aydinlatma - ofis, salon, atolye=11.0108W/m2 | Aydinlatma - koridor, merdiven, WC=4.58434W/m2 | Cam tipi=penc_lowe_argon_4mm",penc_lowe_argon_4mm,22.960876,24.233146,7.591987,0.960259,11.010816,4.584339,0.833795,4884.179221,5.410194,0.027749,1750.8,412.32,31.05,845.36,360.47,259.8,231.96,22.18,0.0,0.0,530.0,2.0,1.836,0.595,0,25
case_73bf10166348,"Kazan verimi=0.734639 | Chiller COP=4.39082W/W | Sogutma ayar noktasi=26.3451C | Asansor motoru gucu=7138.43W | EPS isil iletkenligi=0.01609W/mK | EPS kalinligi=24.6676cm | Isitma ayar noktasi=22.4053C | Sizdirmazlik carpani=0.763989 | Aydinlatma - ofis, salon, atolye=10.7623W/m2 | Aydinlatma - koridor, merdiven, WC=2.32655W/m2 | Cam tipi=penc_snerji_4mm",penc_snerji_4mm,22.405321,26.345146,4.390821,0.734639,10.762295,2.326554,0.763989,7138.432529,24.667626,0.01609,1821.85,429.06,16.88,1014.74,324.56,285.65,166.41,13.61,0.0,0.0,2699.67,34142.0,1.739,0.476,1,28
case_74e0c148242c,"Kazan verimi=0.892573 | Chiller COP=3.42872W/W | Sogutma ayar noktasi=23.7942C | Asansor motoru gucu=7833.14W | EPS isil iletkenligi=0.040861W/mK | EPS kalinligi=14.5654cm | Isitma ayar noktasi=23.2942C | Sizdirmazlik carpani=1.40222 | Aydinlatma - ofis, salon, atolye=6.78596W/m2 | Aydinlatma - koridor, merdiven, WC=1.08088W/m2 | Cam tipi=penc_triple_lowe_4mm",penc_triple_lowe_4mm,23.29421,23.79421,3.428721,0.892573,6.785963,1.080879,1.402216,7833.139523,14.565366,0.040861,2358.57,555.46,78.61,1558.93,199.67,293.62,205.06,22.69,0.0,4.5,347.17,0.0,0.892,0.452,0,25
case_76bb39d32582,"Kazan verimi=0.902243 | Chiller COP=7.48703W/W | Sogutma ayar noktasi=26.9211C | Asansor motoru gucu=3608.19W | EPS isil iletkenligi=0.043811W/mK | EPS kalinligi=18.6694cm | Isitma ayar noktasi=22.4424C | Sizdirmazlik carpani=1.09308 | Aydinlatma - ofis, salon, atolye=14.4901W/m2 | Aydinlatma - koridor, merdiven, WC=0.691605W/m2 | Cam tipi=penc_cont_6_4mm",penc_cont_6_4mm,22.442358,26.921146,7.48703,0.902243,14.490105,0.691605,1.093075,3608.186782,18.669409,0.043811,1215.51,286.26,55.61,382.37,405.51,245.16,113.81,13.04,0.0,0.0,2378.17,32063.0,1.682,0.353,2,30
case_78b934697084,"Kazan verimi=0.876457 | Chiller COP=4.26837W/W | Sogutma ayar noktasi=22.5051C | Asansor motoru gucu=4855.82W | EPS isil iletkenligi=0.050928W/mK | EPS kalinligi=17.5469cm | Isitma ayar noktasi=19.072C | Sizdirmazlik carpani=0.31856 | Aydinlatma - ofis, salon, atolye=3.22383W/m2 | Aydinlatma - koridor, merdiven, WC=6.71237W/m2 | Cam tipi=penc_cont_6_4mm",penc_cont_6_4mm,19.071988,22.505146,4.268372,0.876457,3.223833,6.712367,0.31856,4855.823833,17.546936,0.050928,1551.22,365.32,0.35,928.84,174.77,259.47,177.75,10.05,0.0,0.0,2113.17,828.0,1.682,0.353,0,25
case_7944d7635cbc,"Kazan verimi=0.699185 | Chiller COP=3.41123W/W | Sogutma ayar noktasi=24.7451C | Asansor motoru gucu=6812.35W | EPS isil iletkenligi=0.059638W/mK | EPS kalinligi=23.6504cm | Isitma ayar noktasi=18.4053C | Sizdirmazlik carpani=0.700831 | Aydinlatma - ofis, salon, atolye=9.68537W/m2 | Aydinlatma - koridor, merdiven, WC=1.88538W/m2 | Cam tipi=penc_lowe_4mm",penc_lowe_4mm,18.405321,24.745146,3.411229,0.699185,9.685372,1.885377,0.700831,6812.345572,23.650384,0.059638,2523.52,594.3,0.0,1726.98,289.4,281.91,209.88,15.36,0.0,0.0,1259.33,61.0,1.943,0.591,5,25
case_7bd85cccf6cd,"Kazan verimi=0.6608 | Chiller COP=7.11968W/W | Sogutma ayar noktasi=29.8779C | Asansor motoru gucu=4926.71W | EPS isil iletkenligi=0.038051W/mK | EPS kalinligi=16.67cm | Isitma ayar noktasi=22.5535C | Sizdirmazlik carpani=0.401662 | Aydinlatma - ofis, salon, atolye=1.73271W/m2 | Aydinlatma - koridor, merdiven, WC=5.12932W/m2 | Cam tipi=penc_triple_lowe_4mm",penc_triple_lowe_4mm,22.553469,29.877946,7.119683,0.6608,1.732709,5.129322,0.401662,4926.712302,16.670004,0.038051,935.63,220.35,0.07,460.28,113.55,260.28,94.6,6.84,0.0,0.67,4349.67,47429.0,0.892,0.452,0,25
case_7c43c5a45294,"Kazan verimi=0.950883 | Chiller COP=4.93309W/W | Sogutma ayar noktasi=29.5579C | Asansor motoru gucu=3636.54W | EPS isil iletkenligi=0.020632W/mK | EPS kalinligi=6.53267cm | Isitma ayar noktasi=16.3312C | Sizdirmazlik carpani=0.404986 | Aydinlatma - ofis, salon, atolye=8.35993W/m2 | Aydinlatma - koridor, merdiven, WC=6.03763W/m2 | Cam tipi=penc_lowe_4mm",penc_lowe_4mm,16.331247,29.557946,4.933095,0.950883,8.359928,6.037626,0.404986,3636.54217,6.532667,0.020632,1510.23,355.67,0.0,827.88,306.65,245.49,121.53,8.68,0.0,0.0,4293.0,46145.0,1.943,0.591,0,25
case_7cc84ccb5c53,"Kazan verimi=0.750755 | Chiller COP=3.55117W/W | Sogutma ayar noktasi=25.2571C | Asansor motoru gucu=2615.75W | EPS isil iletkenligi=0.051022W/mK | EPS kalinligi=21.6861cm | Isitma ayar noktasi=16.6275C | Sizdirmazlik carpani=0.647645 | Aydinlatma - ofis, salon, atolye=14.3244W/m2 | Aydinlatma - koridor, merdiven, WC=4.16911W/m2 | Cam tipi=penc_lowe_4mm",penc_lowe_4mm,16.627543,25.257146,3.55117,0.750755,14.324425,4.169114,0.647645,2615.748219,21.686056,0.051022,2610.52,614.79,0.0,1708.34,445.81,233.78,206.91,15.69,0.0,0.0,2218.17,93.0,1.943,0.591,1,25
case_80d75c4f3618,referans,penc_std_4mm,22.0,24.0,5.5,0.9,7.0,3.0,1.0,5000.0,5.0,0.039,1921.62,452.55,46.16,1120.96,230.27,261.13,240.19,22.93,0.0,2.83,500.5,1.0,2.718,0.731,0,25
case_84119bcc7621,"Kazan verimi=0.841003 | Chiller COP=3.28878W/W | Sogutma ayar noktasi=28.9051C | Asansor motoru gucu=4529.74W | EPS isil iletkenligi=0.049477W/mK | EPS kalinligi=16.5297cm | Isitma ayar noktasi=16.072C | Sizdirmazlik carpani=1.4554 | Aydinlatma - ofis, salon, atolye=2.14691W/m2 | Aydinlatma - koridor, merdiven, WC=6.27119W/m2 | Cam tipi=penc_snerji_4mm",penc_snerji_4mm,16.071988,28.905146,3.28878,0.841003,2.14691,6.27119,1.455402,4529.736877,16.529695,0.049477,1370.76,322.82,0.06,850.49,139.61,255.73,118.6,6.27,0.0,0.67,3891.5,37322.0,1.739,0.476,0,25
case_8a58ab18ea41,"Kazan verimi=0.895796 | Chiller COP=7.10219W/W | Sogutma ayar noktasi=23.9771C | Asansor motoru gucu=3920.1W | EPS isil iletkenligi=0.056828W/mK | EPS kalinligi=25.755cm | Isitma ayar noktasi=20.6275C | Sizdirmazlik carpani=0.900277 | Aydinlatma - ofis, salon, atolye=4.71496W/m2 | Aydinlatma - koridor, merdiven, WC=5.93382W/m2",penc_std_4mm,20.627543,23.977146,7.102191,0.895796,4.714958,5.93382,0.900277,3920.096045,25.755022,0.056828,1576.41,371.25,9.12,857.06,205.55,248.74,237.62,18.32,0.0,1.0,634.0,0.0,2.718,0.731,2,25
case_8adc21fad242,"Kazan verimi=0.87675 | Chiller COP=6.38499W/W | Sogutma ayar noktasi=24.1179C | Asansor motoru gucu=6883.23W | EPS isil iletkenligi=0.046761W/mK | EPS kalinligi=22.7735cm | Isitma ayar noktasi=20.9979C | Sizdirmazlik carpani=0.783933 | Aydinlatma - ofis, salon, atolye=8.27709W/m2 | Aydinlatma - koridor, merdiven, WC=7.77638W/m2 | Cam tipi=penc_renk_6mm",penc_renk_6mm,20.997913,24.117946,6.38499,0.87675,8.277088,7.776381,0.783933,6883.234041,22.773452,0.046761,1808.05,425.81,20.12,920.95,326.8,282.72,240.34,17.12,0.0,0.0,875.5,1.0,2.673,0.606,0,25
case_8b4fc9015f12,"Kazan verimi=0.853895 | Chiller COP=5.02056W/W | Sogutma ayar noktasi=27.1131C | Asansor motoru gucu=3905.92W | EPS isil iletkenligi=0.023395W/mK | EPS kalinligi=2.32339cm | Isitma ayar noktasi=21.9609C | Sizdirmazlik carpani=0.644321 | Aydinlatma - ofis, salon, atolye=7.78005W/m2 | Aydinlatma - koridor, merdiven, WC=3.26081W/m2 | Cam tipi=penc_triple_lowe_4mm",penc_triple_lowe_4mm,21.960876,27.113146,5.020558,0.853895,7.780046,3.26081,0.644321,3905.918351,2.323393,0.023395,1513.4,356.42,0.18,864.4,254.98,248.58,134.76,10.5,0.0,1.0,3878.83,42095.0,0.892,0.452,0,28
case_8be5f70a387b,"Kazan verimi=0.844519 | Chiller COP=3.07887W/W | Sogutma ayar noktasi=24.7579C | Asansor motoru gucu=2658.28W | EPS isil iletkenligi=0.016277W/mK | EPS kalinligi=3.48094cm | Isitma ayar noktasi=15.3312C | Sizdirmazlik carpani=1.41551 | Aydinlatma - ofis, salon, atolye=5.12916W/m2 | Aydinlatma - koridor, merdiven, WC=4.7141W/m2 | Cam tipi=penc_triple_lowe_4mm",penc_triple_lowe_4mm,15.331247,24.757946,3.078867,0.844519,5.129159,4.714097,1.415512,2658.2813,3.480943,0.016277,2203.63,518.97,0.0,1575.19,201.16,234.27,180.6,12.41,0.0,3.67,788.33,598.0,0.892,0.452,0,25
case_8dd1651f8cc2,"Kazan verimi=0.689515 | Chiller COP=5.89519W/W | Sogutma ayar noktasi=27.2411C | Asansor motoru gucu=5238.62W | EPS isil iletkenligi=0.051069W/mK | EPS kalinligi=23.7556cm | Isitma ayar noktasi=20.4424C | Sizdirmazlik carpani=1.40886 | Aydinlatma - ofis, salon, atolye=5.95756W/m2 | Aydinlatma - koridor, merdiven, WC=2.89749W/m2 | Cam tipi=penc_renk_6mm",penc_renk_6mm,20.442358,27.241146,5.895194,0.689515,5.957561,2.897488,1.408864,5238.621565,23.755616,0.051069,1355.14,319.14,37.67,680.4,200.41,263.86,158.99,13.8,0.0,2.33,3224.0,32981.0,2.673,0.606,0,25
case_8e1ca19bb34a,"Kazan verimi=0.634722 | Chiller COP=2.92143W/W | Sogutma ayar noktasi=24.4891C | Asansor motoru gucu=5848.26W | EPS isil iletkenligi=0.043717W/mK | EPS kalinligi=14.5303cm | Isitma ayar noktasi=16.1831C | Sizdirmazlik carpani=0.767313 | Aydinlatma - ofis, salon, atolye=3.38951W/m2 | Aydinlatma - koridor, merdiven, WC=3.23486W/m2 | Cam tipi=penc_lowe_4mm",penc_lowe_4mm,16.183099,24.489146,2.921433,0.634722,3.389514,3.234858,0.767313,5848.262397,14.530289,0.043717,2536.47,597.35,0.0,1910.37,134.48,270.85,206.22,14.56,0.0,0.0,797.67,159.0,1.943,0.591,0,25
case_8e7db0077790,"Kazan verimi=0.728193 | Chiller COP=4.42581W/W | Sogutma ayar noktasi=23.0811C | Asansor motoru gucu=1665.84W | EPS isil iletkenligi=0.023488W/mK | EPS kalinligi=6.49759cm | Isitma ayar noktasi=18.2201C | Sizdirmazlik carpani=0.970083 | Aydinlatma - ofis, salon, atolye=4.96348W/m2 | Aydinlatma - koridor, merdiven, WC=0.717557W/m2 | Cam tipi=penc_renk_6mm",penc_renk_6mm,18.220136,23.081146,4.425806,0.728193,4.963478,0.717557,0.970083,1665.842737,6.49759,0.023488,1991.2,468.94,1.51,1339.88,145.1,222.89,265.55,16.28,0.0,2.0,849.17,3182.0,2.673,0.606,0,25
case_918122cce0cf,"Kazan verimi=0.95059 | Chiller COP=3.53368W/W | Sogutma ayar noktasi=26.7291C | Asansor motoru gucu=1609.13W | EPS isil iletkenligi=0.024799W/mK | EPS kalinligi=1.27107cm | Isitma ayar noktasi=20.8498C | Sizdirmazlik carpani=1.14294 | Aydinlatma - ofis, salon, atolye=3.30667W/m2 | Aydinlatma - koridor, merdiven, WC=4.97361W/m2 | Cam tipi=penc_renk_6mm",penc_renk_6mm,20.849765,26.729146,3.533678,0.95059,3.306673,4.973612,1.142936,1609.131962,1.271074,0.024799,1765.45,415.77,33.09,1176.31,154.62,222.24,164.86,14.33,0.0,1.0,2950.5,32016.0,2.673,0.606,0,25
case_927b3c3a24f3,"Kazan verimi=0.770094 | Chiller COP=7.57449W/W | Sogutma ayar noktasi=25.7051C | Asansor motoru gucu=3877.56W | EPS isil iletkenligi=0.046574W/mK | EPS kalinligi=14.4952cm | Isitma ayar noktasi=18.072C | Sizdirmazlik carpani=1.32909 | Aydinlatma - ofis, salon, atolye=13.9102W/m2 | Aydinlatma - koridor, merdiven, WC=5.38884W/m2 | Cam tipi=penc_renk_6mm",penc_renk_6mm,18.071988,25.705146,7.574494,0.770094,13.910224,5.388837,1.329086,3877.562964,14.495212,0.046574,1615.97,380.57,0.39,695.75,450.2,248.25,208.02,13.37,0.0,2.33,2245.17,1698.0,2.673,0.606,0,25
case_92fa43a95940,"Kazan verimi=0.838073 | Chiller COP=7.85438W/W | Sogutma ayar noktasi=29.8011C | Asansor motoru gucu=2970.19W | EPS isil iletkenligi=0.029295W/mK | EPS kalinligi=10.5666cm | Isitma ayar noktasi=23.2201C | Sizdirmazlik carpani=1.22271 | Aydinlatma - ofis, salon, atolye=9.27117W/m2 | Aydinlatma - koridor, merdiven, WC=2.48226W/m2 | Cam tipi=penc_renk_6mm",penc_renk_6mm,23.220136,29.801146,7.854377,0.838073,9.271171,2.482263,1.222715,2970.190563,10.566555,0.029295,1174.87,276.69,108.95,405.07,285.75,237.85,122.75,14.49,0.0,0.17,3466.5,38022.0,2.673,0.606,0,25
case_94640a28e3f3,"Kazan verimi=0.641168 | Chiller COP=3.30627W/W | Sogutma ayar noktasi=27.4331C | Asansor motoru gucu=5536.35W | EPS isil iletkenligi=0.030699W/mK | EPS kalinligi=7.44468cm | Isitma ayar noktasi=19.9609C | Sizdirmazlik carpani=0.960111 | Aydinlatma - ofis, salon, atolye=13.1647W/m2 | Aydinlatma - koridor, merdiven, WC=5.46669W/m2 | Cam tipi=penc_cont_6_4mm",penc_cont_6_4mm,19.960876,27.433146,3.306272,0.641168,13.164662,5.466692,0.960111,5536.353134,7.444677,0.030699,1636.49,385.4,5.26,818.39,430.8,267.28,107.19,7.58,0.0,0.0,2895.83,34862.0,1.682,0.353,2,28
case_96a28c6b7502,"Kazan verimi=0.873234 | Chiller COP=6.5949W/W | Sogutma ayar noktasi=28.2651C | Asansor motoru gucu=1268.87W | EPS isil iletkenligi=0.034961W/mK | EPS kalinligi=6.35728cm | Isitma ayar noktasi=21.7387C | Sizdirmazlik carpani=0.823823 | Aydinlatma - ofis, salon, atolye=5.29484W/m2 | Aydinlatma - koridor, merdiven, WC=1.85943W/m2 | Cam tipi=penc_snerji_4mm",penc_snerji_4mm,21.738654,28.265146,6.594902,0.873234,5.294839,1.859426,0.823823,1268.867312,6.357281,0.034961,1036.23,244.04,12.27,500.21,168.89,218.33,126.52,10.01,0.0,0.0,3584.0,37389.0,1.739,0.476,0,27
case_9960415ea983,"Kazan verimi=0.7153 | Chiller COP=2.69403W/W | Sogutma ayar noktasi=23.6571C | Asansor motoru gucu=2289.66W | EPS isil iletkenligi=0.04957W/mK | EPS kalinligi=20.6688cm | Isitma ayar noktasi=22.6275C | Sizdirmazlik carpani=0.581163 | Aydinlatma - ofis, salon, atolye=13.2475W/m2 | Aydinlatma - koridor, merdiven, WC=3.72794W/m2 | Cam tipi=penc_renk_6mm",penc_renk_6mm,22.627543,23.657146,2.694028,0.7153,13.247502,3.727938,0.581163,2289.661262,20.668815,0.04957,3431.05,808.03,109.84,2396.91,410.65,230.04,260.35,23.26,0.0,0.0,804.0,0.0,2.673,0.606,0,25
case_9cee4cc86b08,"Kazan verimi=0.621829 | Chiller COP=7.73193W/W | Sogutma ayar noktasi=26.2811C | Asansor motoru gucu=687.582W | EPS isil iletkenligi=0.019133W/mK | EPS kalinligi=3.44587cm | Isitma ayar noktasi=19.8868C | Sizdirmazlik carpani=0.780609 | Aydinlatma - ofis, salon, atolye=1.64987W/m2 | Aydinlatma - koridor, merdiven, WC=6.86808W/m2 | Cam tipi=penc_lowe_4mm",penc_lowe_4mm,19.886802,26.281146,7.731928,0.621829,1.649869,6.868076,0.780609,687.581867,3.445866,0.019133,1140.43,268.58,0.28,617.84,133.7,211.67,165.05,11.88,0.0,0.0,3192.83,35858.0,1.943,0.591,0,25
case_9ee5b62c8c38,"Kazan verimi=0.886127 | Chiller COP=3.04388W/W | Sogutma ayar noktasi=28.0091C | Asansor motoru gucu=645.049W | EPS isil iletkenligi=0.053878W/mK | EPS kalinligi=21.651cm | Isitma ayar noktasi=18.5164C | Sizdirmazlik carpani=1.20942 | Aydinlatma - ofis, salon, atolye=10.928W/m2 | Aydinlatma - koridor, merdiven, WC=6.32309W/m2",penc_std_4mm,18.516432,28.009146,3.043882,0.886127,10.927975,6.323093,1.209418,645.048786,21.650979,0.053878,2235.86,526.56,0.15,1478.73,380.62,211.18,154.24,10.94,0.0,0.83,3534.17,39428.0,2.718,0.731,0,25
case_a0844ff7ffa4,"Kazan verimi=0.6734 | Chiller COP=6.6124W/W | Sogutma ayar noktasi=26.7931C | Asansor motoru gucu=2275.48W | EPS isil iletkenligi=0.016137W/mK | EPS kalinligi=26.7372cm | Isitma ayar noktasi=17.5164C | Sizdirmazlik carpani=0.325208 | Aydinlatma - ofis, salon, atolye=2.39543W/m2 | Aydinlatma - koridor, merdiven, WC=1.05493W/m2 | Cam tipi=penc_lowe_4mm",penc_lowe_4mm,17.516432,26.793146,6.612395,0.6734,2.395431,1.054927,0.325208,2275.483569,26.737186,0.016137,1172.56,276.14,0.0,703.72,79.16,229.88,149.34,10.46,0.0,0.0,4268.67,39657.0,1.943,0.591,0,25
case_a1eae4753f5e,"Kazan verimi=0.818441 | Chiller COP=4.16341W/W | Sogutma ayar noktasi=25.5131C | Asansor motoru gucu=3579.83W | EPS isil iletkenligi=0.021943W/mK | EPS kalinligi=1.30615cm | Isitma ayar noktasi=17.9609C | Sizdirmazlik carpani=0.577839 | Aydinlatma - ofis, salon, atolye=6.70312W/m2 | Aydinlatma - koridor, merdiven, WC=2.81963W/m2 | Cam tipi=penc_lowe_4mm",penc_lowe_4mm,17.960876,25.513146,4.163415,0.818441,6.703123,2.819633,0.577839,3579.831395,1.306151,0.021943,1953.74,460.12,0.0,1290.51,219.82,244.84,185.22,13.36,0.0,0.0,2703.17,200.0,1.943,0.591,5,25
case_a1f2ee4aff1e,"Kazan verimi=0.805841 | Chiller COP=4.6707W/W | Sogutma ayar noktasi=28.5979C | Asansor motoru gucu=6231.06W | EPS isil iletkenligi=0.043858W/mK | EPS kalinligi=20.739cm | Isitma ayar noktasi=17.5535C | Sizdirmazlik carpani=0.657618 | Aydinlatma - ofis, salon, atolye=6.12324W/m2 | Aydinlatma - koridor, merdiven, WC=6.89403W/m2 | Cam tipi=penc_triple_lowe_4mm",penc_triple_lowe_4mm,17.553469,28.597946,4.670704,0.805841,6.123242,6.894028,0.657618,6231.060128,20.738969,0.043858,1485.26,349.79,0.0,829.58,256.47,275.24,115.16,8.8,0.0,1.17,4218.5,46185.0,0.892,0.452,1,25
case_a241121ae80f,"Kazan verimi=0.870011 | Chiller COP=4.30336W/W | Sogutma ayar noktasi=27.5611C | Asansor motoru gucu=6869.06W | EPS isil iletkenligi=0.058327W/mK | EPS kalinligi=28.8418cm | Isitma ayar noktasi=15.8868C | Sizdirmazlik carpani=0.524654 | Aydinlatma - ofis, salon, atolye=11.3422W/m2 | Aydinlatma - koridor, merdiven, WC=5.10337W/m2",penc_std_4mm,15.886802,27.561146,4.303357,0.870011,11.342176,5.10337,0.524654,6869.056348,28.841823,0.058327,1973.03,464.66,0.0,1144.13,376.23,282.56,158.55,11.56,0.0,0.0,3791.33,41109.0,2.718,0.731,0,25
case_a24bfde4e510,"Kazan verimi=0.770387 | Chiller COP=3.69111W/W | Sogutma ayar noktasi=26.9979C | Asansor motoru gucu=5904.97W | EPS isil iletkenligi=0.042406W/mK | EPS kalinligi=19.7217cm | Isitma ayar noktasi=23.5535C | Sizdirmazlik carpani=0.591136 | Aydinlatma - ofis, salon, atolye=5.04632W/m2 | Aydinlatma - koridor, merdiven, WC=6.45285W/m2 | Cam tipi=penc_lowe_4mm",penc_lowe_4mm,23.553469,26.997946,3.691112,0.770387,5.046318,6.452851,0.591136,5904.973172,19.721728,0.042406,1984.94,467.47,19.52,1302.6,221.31,271.5,155.75,14.26,0.0,0.33,3870.0,40483.0,1.943,0.591,0,25
case_a9caa19d75b2,"Kazan verimi=0.879974 | Chiller COP=3.93601W/W | Sogutma ayar noktasi=26.3579C | Asansor motoru gucu=2984.37W | EPS isil iletkenligi=0.017729W/mK | EPS kalinligi=4.49818cm | Isitma ayar noktasi=18.3312C | Sizdirmazlik carpani=1.47867 | Aydinlatma - ofis, salon, atolye=6.20608W/m2 | Aydinlatma - koridor, merdiven, WC=5.15527W/m2 | Cam tipi=penc_lowe_argon_4mm",penc_lowe_argon_4mm,18.331247,26.357946,3.93601,0.879974,6.206082,5.155273,1.47867,2984.368257,4.498184,0.017729,1927.27,453.88,0.27,1264.63,236.32,238.01,175.56,12.48,0.0,2.5,3282.0,35854.0,1.836,0.595,0,25
case_aa79b68dfff9,"Kazan verimi=0.773317 | Chiller COP=5.24796W/W | Sogutma ayar noktasi=27.9451C | Asansor motoru gucu=7464.52W | EPS isil iletkenligi=0.017541W/mK | EPS kalinligi=25.6849cm | Isitma ayar noktasi=16.4053C | Sizdirmazlik carpani=0.827147 | Aydinlatma - ofis, salon, atolye=11.8392W/m2 | Aydinlatma - koridor, merdiven, WC=2.76773W/m2 | Cam tipi=penc_cont_6_4mm",penc_cont_6_4mm,16.405321,27.945146,5.247963,0.773317,11.839218,2.76773,0.827147,7464.519486,25.684867,0.017541,1221.87,287.76,0.0,471.38,359.72,289.39,95.98,5.39,0.0,0.0,3198.0,36453.0,1.682,0.353,0,23
case_ab6c1248433a,"Kazan verimi=0.637945 | Chiller COP=5.75525W/W | Sogutma ayar noktasi=25.1931C | Asansor motoru gucu=1949.4W | EPS isil iletkenligi=0.059685W/mK | EPS kalinligi=25.7199cm | Isitma ayar noktasi=23.5164C | Sizdirmazlik carpani=1.46205 | Aydinlatma - ofis, salon, atolye=1.23567W/m2 | Aydinlatma - koridor, merdiven, WC=0.613751W/m2 | Cam tipi=penc_renk_6mm",penc_renk_6mm,23.516432,25.193146,5.755252,0.637945,1.235668,0.613751,1.46205,1949.396612,25.719944,0.059685,1630.55,384.0,312.26,828.8,41.73,226.14,195.78,25.84,1.17,2.83,1555.33,72.0,2.673,0.606,0,25
case_ab80cc8f2f4e,"Kazan verimi=0.928028 | Chiller COP=4.40831W/W | Sogutma ayar noktasi=24.8731C | Asansor motoru gucu=659.226W | EPS isil iletkenligi=0.042312W/mK | EPS kalinligi=15.5826cm | Isitma ayar noktasi=17.2942C | Sizdirmazlik carpani=1.46537 | Aydinlatma - ofis, salon, atolye=7.86289W/m2 | Aydinlatma - koridor, merdiven, WC=1.52205W/m2 | Cam tipi=penc_cont_6_4mm",penc_cont_6_4mm,17.29421,24.873146,4.408313,0.928028,7.862887,1.522055,1.465374,659.22648,15.582608,0.042312,1296.76,305.4,1.59,700.08,234.83,211.34,140.73,8.19,0.0,0.0,1190.33,5628.0,1.682,0.353,0,25
case_ad2ee2148ff5,"Kazan verimi=0.657284 | Chiller COP=2.58907W/W | Sogutma ayar noktasi=27.8811C | Asansor motoru gucu=1013.67W | EPS isil iletkenligi=0.020585W/mK | EPS kalinligi=4.46311cm | Isitma ayar noktasi=21.2201C | Sizdirmazlik carpani=0.843767 | Aydinlatma - ofis, salon, atolye=2.80963W/m2 | Aydinlatma - koridor, merdiven, WC=7.30925W/m2 | Cam tipi=penc_snerji_4mm",penc_snerji_4mm,21.220136,27.881146,2.589071,0.657284,2.809632,7.309253,0.843767,1013.668824,4.463107,0.020585,1847.76,435.16,8.3,1311.7,171.13,215.41,132.16,9.06,0.0,0.0,3458.83,36691.0,1.739,0.476,0,25
case_afa525f568cf,"Kazan verimi=0.94766 | Chiller COP=2.09928W/W | Sogutma ayar noktasi=27.3179C | Asansor motoru gucu=7535.41W | EPS isil iletkenligi=0.049664W/mK | EPS kalinligi=24.8079cm | Isitma ayar noktasi=17.9979C | Sizdirmazlik carpani=0.910249 | Aydinlatma - ofis, salon, atolye=10.4309W/m2 | Aydinlatma - koridor, merdiven, WC=1.18468W/m2 | Cam tipi=penc_triple_lowe_4mm",penc_triple_lowe_4mm,17.997913,27.317946,2.099275,0.94766,10.430934,1.184685,0.910249,7535.407954,24.807935,0.049664,2808.47,661.41,0.0,2071.29,300.77,290.2,135.79,10.42,0.0,0.0,3885.67,42079.0,0.892,0.452,0,25
case_b08d153a7f82,"Kazan verimi=0.77361 | Chiller COP=7.36458W/W | Sogutma ayar noktasi=29.2379C | Asansor motoru gucu=2006.11W | EPS isil iletkenligi=0.058374W/mK | EPS kalinligi=1.41138cm | Isitma ayar noktasi=19.9979C | Sizdirmazlik carpani=1.2892 | Aydinlatma - ofis, salon, atolye=2.97531W/m2 | Aydinlatma - koridor, merdiven, WC=3.83174W/m2",penc_std_4mm,19.997913,29.237946,7.364581,0.77361,2.975313,3.831744,1.289197,2006.107387,1.411383,0.058374,973.13,229.18,15.61,465.88,130.83,226.79,122.89,11.12,0.0,2.0,3759.17,38979.0,2.718,0.731,0,25
case_b1dfe4b9e55b,"Kazan verimi=0.670176 | Chiller COP=3.77858W/W | Sogutma ayar noktasi=26.0891C | Asansor motoru gucu=6174.35W | EPS isil iletkenligi=0.045169W/mK | EPS kalinligi=15.5475cm | Isitma ayar noktasi=19.1831C | Sizdirmazlik carpani=0.830471 | Aydinlatma - ofis, salon, atolye=4.46644W/m2 | Aydinlatma - koridor, merdiven, WC=3.67604W/m2 | Cam tipi=penc_triple_lowe_4mm",penc_triple_lowe_4mm,19.183099,26.089146,3.778576,0.670176,4.466437,3.676035,0.830471,6174.349353,15.54753,0.045169,1777.17,418.53,0.01,1174.78,169.64,274.59,147.19,10.96,0.0,0.0,2532.5,36163.0,0.892,0.452,0,25
case_b7d3be70c748,"Kazan verimi=0.911912 | Chiller COP=5.12551W/W | Sogutma ayar noktasi=24.4251C | Asansor motoru gucu=5181.91W | EPS isil iletkenligi=0.05238W/mK | EPS kalinligi=18.5642cm | Isitma ayar noktasi=23.072C | Sizdirmazlik carpani=0.381717 | Aydinlatma - ofis, salon, atolye=4.30076W/m2 | Aydinlatma - koridor, merdiven, WC=7.15354W/m2",penc_std_4mm,23.071988,24.425146,5.125514,0.911912,4.300756,7.153543,0.381717,5181.91079,18.564177,0.05238,1939.12,456.67,54.96,1172.07,209.94,263.21,218.4,20.55,0.0,0.0,2960.33,12.0,2.718,0.731,0,28
case_ba03665cd7dc,"Kazan verimi=0.860342 | Chiller COP=6.24505W/W | Sogutma ayar noktasi=22.0571C | Asansor motoru gucu=3594.01W | EPS isil iletkenligi=0.055377W/mK | EPS kalinligi=24.7378cm | Isitma ayar noktasi=17.6275C | Sizdirmazlik carpani=0.837119 | Aydinlatma - ofis, salon, atolye=3.63803W/m2 | Aydinlatma - koridor, merdiven, WC=5.49264W/m2",penc_std_4mm,17.627543,22.057146,6.245048,0.860342,3.638034,5.492644,0.837119,3594.009089,24.73778,0.055377,1868.87,440.13,0.03,1121.74,170.38,245.0,311.1,20.61,0.0,3.33,635.83,1467.0,2.718,0.731,3,25
case_be30d898f5b5,"Kazan verimi=0.924805 | Chiller COP=6.73484W/W | Sogutma ayar noktasi=22.3131C | Asansor motoru gucu=4558.09W | EPS isil iletkenligi=0.026298W/mK | EPS kalinligi=4.39295cm | Isitma ayar noktasi=18.9609C | Sizdirmazlik carpani=0.770637 | Aydinlatma - ofis, salon, atolye=9.93389W/m2 | Aydinlatma - koridor, merdiven, WC=4.14316W/m2 | Cam tipi=penc_renk_6mm",penc_renk_6mm,18.960876,22.313146,6.734844,0.924805,9.933892,4.143163,0.770637,4558.092264,4.392953,0.026298,1925.57,453.48,2.29,1010.81,325.31,256.06,311.74,19.37,0.0,0.67,481.17,1808.0,2.673,0.606,0,25
case_bee8756df6c4,"Kazan verimi=0.760424 | Chiller COP=7.60948W/W | Sogutma ayar noktasi=24.3868C | Asansor motoru gucu=5890.8W | EPS isil iletkenligi=0.053972W/mK | EPS kalinligi=25.7901cm | Isitma ayar noktasi=23.8868C | Sizdirmazlik carpani=0.33518 | Aydinlatma - ofis, salon, atolye=8.11141W/m2 | Aydinlatma - koridor, merdiven, WC=3.77984W/m2 | Cam tipi=penc_snerji_4mm",penc_snerji_4mm,23.886802,24.386802,7.609479,0.760424,8.111407,3.779841,0.33518,5890.795478,25.790099,0.053972,1597.56,376.24,138.41,694.13,270.74,271.34,203.8,19.14,0.0,0.0,3083.83,2.0,1.739,0.476,0,25
case_c1f8d6e20c98,"Kazan verimi=0.696255 | Chiller COP=7.97683W/W | Sogutma ayar noktasi=23.7979C | Asansor motoru gucu=5252.8W | EPS isil iletkenligi=0.039503W/mK | EPS kalinligi=17.6872cm | Isitma ayar noktasi=16.5535C | Sizdirmazlik carpani=0.46482 | Aydinlatma - ofis, salon, atolye=2.89247W/m2 | Aydinlatma - koridor, merdiven, WC=5.5705W/m2 | Cam tipi=penc_lowe_argon_4mm",penc_lowe_argon_4mm,16.553469,23.797946,7.976826,0.696255,2.892472,5.570498,0.46482,5252.799259,17.687245,0.039503,1419.77,334.36,0.0,763.94,150.98,264.02,224.76,16.07,0.0,1.17,1300.83,12.0,1.836,0.595,0,25
case_c24f193d384b,"Kazan verimi=0.986044 | Chiller COP=4.51327W/W | Sogutma ayar noktasi=28.3291C | Asansor motoru gucu=1935.22W | EPS isil iletkenligi=0.026251W/mK | EPS kalinligi=2.28831cm | Isitma ayar noktasi=23.8498C | Sizdirmazlik carpani=1.20609 | Aydinlatma - ofis, salon, atolye=4.3836W/m2 | Aydinlatma - koridor, merdiven, WC=5.41479W/m2 | Cam tipi=penc_lowe_argon_4mm",penc_lowe_argon_4mm,23.849765,28.329146,4.51327,0.986044,4.383597,5.414789,1.206094,1935.218918,2.288315,0.026251,1530.06,360.34,42.03,917.57,189.79,225.98,138.9,15.81,0.0,0.17,3844.33,41067.0,1.836,0.595,0,25
case_c7667e02e457,"Kazan verimi=0.686292 | Chiller COP=3.06137W/W | Sogutma ayar noktasi=26.5371C | Asansor motoru gucu=1651.67W | EPS isil iletkenligi=0.035101W/mK | EPS kalinligi=12.566cm | Isitma ayar noktasi=23.109C | Sizdirmazlik carpani=0.714127 | Aydinlatma - ofis, salon, atolye=8.02857W/m2 | Aydinlatma - koridor, merdiven, WC=5.5186W/m2",penc_std_4mm,23.109025,26.537146,3.061374,0.686292,8.028567,5.518595,0.714127,1651.665043,12.565961,0.035101,2436.0,573.69,51.99,1678.47,290.89,222.72,174.43,17.5,0.0,0.0,2976.83,37227.0,2.718,0.731,0,25
case_c9c78d605118,"Kazan verimi=0.779763 | Chiller COP=6.47245W/W | Sogutma ayar noktasi=22.8891C | Asansor motoru gucu=7152.61W | EPS isil iletkenligi=0.049524W/mK | EPS kalinligi=18.5993cm | Isitma ayar noktasi=20.1831C | Sizdirmazlik carpani=1.01995 | Aydinlatma - ofis, salon, atolye=7.69721W/m2 | Aydinlatma - koridor, merdiven, WC=4.99956W/m2 | Cam tipi=penc_lowe_4mm",penc_lowe_4mm,20.183099,22.889146,6.472453,0.779763,7.697206,4.999564,1.019945,7152.610223,18.599255,0.049524,1883.89,443.67,2.38,1028.64,275.13,285.81,272.68,19.25,0.0,1.67,374.5,0.0,1.943,0.591,0,25
case_ca31dd301057,"Kazan verimi=0.918358 | Chiller COP=6.35W/W | Sogutma ayar noktasi=27.3691C | Asansor motoru gucu=4870W | EPS isil iletkenligi=0.039362W/mK | EPS kalinligi=11.4786cm | Isitma ayar noktasi=15.1831C | Sizdirmazlik carpani=0.574515 | Aydinlatma - ofis, salon, atolye=14.0759W/m2 | Aydinlatma - koridor, merdiven, WC=1.91133W/m2 | Cam tipi=penc_triple_lowe_4mm",penc_triple_lowe_4mm,15.183099,27.369146,6.350004,0.918358,14.075904,1.911329,0.574515,4870.001527,11.478565,0.039362,1557.46,366.79,0.0,737.16,409.9,259.63,139.51,11.25,0.0,1.83,4121.67,44662.0,0.892,0.452,1,25
case_cca6152bb7b9,"Kazan verimi=0.815218 | Chiller COP=7.3296W/W | Sogutma ayar noktasi=24.8091C | Asansor motoru gucu=7478.7W | EPS isil iletkenligi=0.050975W/mK | EPS kalinligi=19.6165cm | Isitma ayar noktasi=21.5164C | Sizdirmazlik carpani=1.0831 | Aydinlatma - ofis, salon, atolye=8.77413W/m2 | Aydinlatma - koridor, merdiven, WC=5.44074W/m2 | Cam tipi=penc_snerji_4mm",penc_snerji_4mm,21.516432,24.809146,7.329596,0.815218,8.774129,5.44074,1.083102,7478.697179,19.616496,0.050975,1512.89,356.3,19.46,676.06,310.29,289.55,202.74,14.78,0.0,1.17,607.83,28.0,1.739,0.476,0,25
case_cd0b05a7ca07,"Kazan verimi=0.625346 | Chiller COP=6.26254W/W | Sogutma ayar noktasi=28.2779C | Asansor motoru gucu=4600.63W | EPS isil iletkenligi=0.0366W/mK | EPS kalinligi=15.6528cm | Isitma ayar noktasi=18.5535C | Sizdirmazlik carpani=0.338504 | Aydinlatma - ofis, salon, atolye=14.6558W/m2 | Aydinlatma - koridor, merdiven, WC=4.68814W/m2",penc_std_4mm,18.553469,28.277946,6.262541,0.625346,14.655786,4.688145,0.338504,4600.625346,15.652762,0.0366,1659.83,390.9,0.0,780.91,461.57,256.54,149.94,10.86,0.0,0.0,4291.17,43850.0,2.718,0.731,0,25
case_cf945160c3f7,"Kazan verimi=0.873527 | Chiller COP=2.71152W/W | Sogutma ayar noktasi=23.4011C | Asansor motoru gucu=3296.28W | EPS isil iletkenligi=0.030793W/mK | EPS kalinligi=11.5838cm | Isitma ayar noktasi=17.2201C | Sizdirmazlik carpani=1.28587 | Aydinlatma - ofis, salon, atolye=10.3481W/m2 | Aydinlatma - koridor, merdiven, WC=2.92344W/m2 | Cam tipi=penc_lowe_argon_4mm",penc_lowe_argon_4mm,17.220136,23.401146,2.71152,0.873527,10.348094,2.923439,1.285873,3296.27752,11.583797,0.030793,3290.41,774.91,0.0,2447.98,320.92,241.59,261.72,18.2,0.0,3.83,404.33,313.0,1.836,0.595,0,25
case_d09db6127202,"Kazan verimi=0.908982 | Chiller COP=3.56866W/W | Sogutma ayar noktasi=23.4779C | Asansor motoru gucu=3622.36W | EPS isil iletkenligi=0.032245W/mK | EPS kalinligi=12.601cm | Isitma ayar noktasi=20.2201C | Sizdirmazlik carpani=1.34903 | Aydinlatma - ofis, salon, atolye=11.425W/m2 | Aydinlatma - koridor, merdiven, WC=3.36462W/m2 | Cam tipi=penc_snerji_4mm",penc_snerji_4mm,20.220136,23.477946,3.568663,0.908982,11.425017,3.364616,1.34903,3622.364476,12.601038,0.032245,2457.82,578.83,8.31,1582.62,356.08,245.33,249.2,16.28,0.0,3.5,425.0,0.0,1.739,0.476,0,25
case_d09ed0b608ae,"Kazan verimi=0.921581 | Chiller COP=3.90103W/W | Sogutma ayar noktasi=29.6091C | Asansor motoru gucu=971.136W | EPS isil iletkenligi=0.05533W/mK | EPS kalinligi=22.6682cm | Isitma ayar noktasi=22.5164C | Sizdirmazlik carpani=1.27258 | Aydinlatma - ofis, salon, atolye=12.0049W/m2 | Aydinlatma - koridor, merdiven, WC=6.76427W/m2",penc_std_4mm,22.516432,29.609146,3.901025,0.921581,12.004898,6.76427,1.272576,971.135743,22.66822,0.05533,1805.2,425.14,33.29,996.73,415.78,214.92,130.67,13.81,0.0,0.83,3590.83,40827.0,2.718,0.731,0,25
case_d12313dd06cd,"Kazan verimi=0.66373 | Chiller COP=2.55409W/W | Sogutma ayar noktasi=22.8251C | Asansor motoru gucu=6486.26W | EPS isil iletkenligi=0.058186W/mK | EPS kalinligi=22.6331cm | Isitma ayar noktasi=15.4053C | Sizdirmazlik carpani=0.637673 | Aydinlatma - ofis, salon, atolye=8.60845W/m2 | Aydinlatma - koridor, merdiven, WC=1.4442W/m2 | Cam tipi=penc_snerji_4mm",penc_snerji_4mm,15.405321,22.825146,2.554086,0.66373,8.608449,1.444201,0.637673,6486.258616,22.633143,0.058186,3058.03,720.18,0.0,2255.11,254.23,278.17,254.97,15.55,0.0,0.0,571.67,557.0,1.739,0.476,0,25
case_d517f4b6bd47,"Kazan verimi=0.683069 | Chiller COP=5.51035W/W | Sogutma ayar noktasi=24.2971C | Asansor motoru gucu=5550.53W | EPS isil iletkenligi=0.019087W/mK | EPS kalinligi=1.34123cm | Isitma ayar noktasi=15.7757C | Sizdirmazlik carpani=1.21607 | Aydinlatma - ofis, salon, atolye=10.0996W/m2 | Aydinlatma - koridor, merdiven, WC=0.665654W/m2 | Cam tipi=penc_snerji_4mm",penc_snerji_4mm,15.775691,24.297146,5.510354,0.683069,10.099573,0.665654,1.216066,5550.530828,1.341228,0.019087,1706.68,401.93,0.0,924.57,285.01,267.44,216.64,13.03,0.0,1.0,658.17,1428.0,1.739,0.476,0,25
case_d5db04f027a5,"Kazan verimi=0.957036 | Chiller COP=4.04097W/W | Sogutma ayar noktasi=23.2091C | Asansor motoru gucu=1297.22W | EPS isil iletkenligi=0.056782W/mK | EPS kalinligi=23.6855cm | Isitma ayar noktasi=16.5164C | Sizdirmazlik carpani=1.33573 | Aydinlatma - ofis, salon, atolye=13.0818W/m2 | Aydinlatma - koridor, merdiven, WC=7.20545W/m2 | Cam tipi=penc_triple_lowe_4mm",penc_triple_lowe_4mm,16.516432,23.209146,4.040966,0.957036,13.081821,7.205446,1.335734,1297.222699,23.685462,0.056782,2442.56,575.24,0.0,1513.93,450.94,218.66,242.01,17.02,0.0,5.0,371.5,187.0,0.892,0.452,0,25
case_d72ae5eddb9c,"Kazan verimi=0.78621 | Chiller COP=6.85729W/W | Sogutma ayar noktasi=26.1531C | Asansor motoru gucu=6840.7W | EPS isil iletkenligi=0.036506W/mK | EPS kalinligi=11.5136cm | Isitma ayar noktasi=22.2942C | Sizdirmazlik carpani=1.21274 | Aydinlatma - ofis, salon, atolye=3.55519W/m2 | Aydinlatma - koridor, merdiven, WC=7.2314W/m2 | Cam tipi=penc_lowe_argon_4mm",penc_lowe_argon_4mm,22.29421,26.153146,6.857293,0.78621,3.555194,7.231398,1.212742,6840.70096,11.513642,0.036506,1417.37,333.8,18.22,734.15,190.53,282.24,175.38,16.85,0.0,1.5,2913.67,35186.0,1.836,0.595,0,25
case_d765eeb3853b,"Kazan verimi=0.615383 | Chiller COP=7.34709W/W | Sogutma ayar noktasi=23.0171C | Asansor motoru gucu=999.491W | EPS isil iletkenligi=0.032198W/mK | EPS kalinligi=10.5315cm | Isitma ayar noktasi=16.109C | Sizdirmazlik carpani=0.584487 | Aydinlatma - ofis, salon, atolye=5.87472W/m2 | Aydinlatma - koridor, merdiven, WC=4.63624W/m2 | Cam tipi=penc_cont_6_4mm",penc_cont_6_4mm,16.109025,23.017146,7.347089,0.615383,5.874721,4.636242,0.584487,999.49113,10.531478,0.032198,1142.38,269.04,0.0,525.04,220.56,215.24,171.65,9.88,0.0,0.0,777.5,1629.0,1.682,0.353,0,25
case_deb0b82f2518,"Kazan verimi=0.628569 | Chiller COP=3.81356W/W | Sogutma ayar noktasi=22.5179C | Asansor motoru gucu=701.76W | EPS isil iletkenligi=0.052567W/mK | EPS kalinligi=26.8424cm | Isitma ayar noktasi=15.9979C | Sizdirmazlik carpani=1.03656 | Aydinlatma - ofis, salon, atolye=12.5848W/m2 | Aydinlatma - koridor, merdiven, WC=2.06704W/m2 | Cam tipi=penc_renk_6mm",penc_renk_6mm,15.997913,22.517946,3.813561,0.628569,12.58478,2.067038,1.036565,701.759561,26.842418,0.052567,2699.29,635.7,0.0,1787.45,371.1,211.83,310.04,18.88,0.0,2.67,487.5,2424.0,2.673,0.606,0,25
case_df2f057f12cf,"Kazan verimi=0.628276 | Chiller COP=7.69694W/W | Sogutma ayar noktasi=29.2251C | Asansor motoru gucu=6160.17W | EPS isil iletkenligi=0.056735W/mK | EPS kalinligi=21.6159cm | Isitma ayar noktasi=21.4053C | Sizdirmazlik carpani=0.571191 | Aydinlatma - ofis, salon, atolye=7.53153W/m2 | Aydinlatma - koridor, merdiven, WC=1.00302W/m2 | Cam tipi=penc_lowe_argon_4mm",penc_lowe_argon_4mm,21.405321,29.225146,7.696943,0.628276,7.531526,1.003024,0.571191,6160.171659,21.615901,0.056735,1163.54,274.02,0.0,537.42,219.07,274.43,123.18,9.44,0.0,0.0,4183.17,44849.0,1.836,0.595,0,28
case_e0545b6f4ff7,"Kazan verimi=0.795879 | Chiller COP=4.9156W/W | Sogutma ayar noktasi=23.3371C | Asansor motoru gucu=2629.93W | EPS isil iletkenligi=0.039456W/mK | EPS kalinligi=15.6177cm | Isitma ayar noktasi=21.4424C | Sizdirmazlik carpani=0.903601 | Aydinlatma - ofis, salon, atolye=11.2593W/m2 | Aydinlatma - koridor, merdiven, WC=6.84212W/m2 | Cam tipi=penc_snerji_4mm",penc_snerji_4mm,21.442358,23.337146,4.915602,0.795879,11.259336,6.842124,0.903601,2629.925913,15.617685,0.039456,2119.05,499.05,26.95,1192.03,396.38,233.94,251.68,18.07,0.0,1.67,438.33,0.0,1.739,0.476,0,25
case_e096b595790f,"Kazan verimi=0.664023 | Chiller COP=4.79315W/W | Sogutma ayar noktasi=24.4379C | Asansor motoru gucu=1027.85W | EPS isil iletkenligi=0.054019W/mK | EPS kalinligi=27.8597cm | Isitma ayar noktasi=18.9979C | Sizdirmazlik carpani=1.09972 | Aydinlatma - ofis, salon, atolye=13.6617W/m2 | Aydinlatma - koridor, merdiven, WC=2.50821W/m2 | Cam tipi=penc_lowe_4mm",penc_lowe_4mm,18.997913,24.437946,4.793153,0.664023,13.661703,2.508214,1.099723,1027.846518,27.859659,0.054019,2175.16,512.26,0.02,1305.68,406.26,215.57,230.87,16.77,0.0,1.17,474.17,140.0,1.943,0.591,0,25
case_e3d841e6bd2d,"Kazan verimi=0.747532 | Chiller COP=6.00015W/W | Sogutma ayar noktasi=24.5531C | Asansor motoru gucu=6514.61W | EPS isil iletkenligi=0.035054W/mK | EPS kalinligi=10.4964cm | Isitma ayar noktasi=18.2942C | Sizdirmazlik carpani=1.14958 | Aydinlatma - ofis, salon, atolye=2.47827W/m2 | Aydinlatma - koridor, merdiven, WC=6.79022W/m2 | Cam tipi=penc_triple_lowe_4mm",penc_triple_lowe_4mm,18.29421,24.553146,6.00015,0.747532,2.478271,6.790221,1.149584,6514.614003,10.496401,0.035054,1436.61,338.33,0.15,810.39,155.37,278.5,179.49,12.72,0.0,2.17,829.0,434.0,0.892,0.452,0,25
case_e736bf1df73d,"Kazan verimi=0.989267 | Chiller COP=2.06429W/W | Sogutma ayar noktasi=22.6831C | Asansor motoru gucu=5522.18W | EPS isil iletkenligi=0.042266W/mK | EPS kalinligi=13.513cm | Isitma ayar noktasi=22.1831C | Sizdirmazlik carpani=0.704155 | Aydinlatma - ofis, salon, atolye=2.31259W/m2 | Aydinlatma - koridor, merdiven, WC=2.79368W/m2 | Cam tipi=penc_renk_6mm",penc_renk_6mm,22.183099,22.683099,2.06429,0.989267,2.312591,2.793682,0.704155,5522.17544,13.513048,0.042266,3763.25,886.27,105.27,2992.22,99.31,267.11,273.83,25.49,0.0,0.0,404.5,0.0,2.673,0.606,2,28
case_e82fe05cb7d1,"Kazan verimi=0.979891 | Chiller COP=5.4054W/W | Sogutma ayar noktasi=26.6779C | Asansor motoru gucu=4274.54W | EPS isil iletkenligi=0.035148W/mK | EPS kalinligi=14.6355cm | Isitma ayar noktasi=15.5535C | Sizdirmazlik carpani=1.47535 | Aydinlatma - ofis, salon, atolye=13.5789W/m2 | Aydinlatma - koridor, merdiven, WC=4.24697W/m2",penc_std_4mm,15.553469,26.677946,5.405398,0.979891,13.578863,4.246969,1.475346,4274.538389,14.635521,0.035148,1836.94,432.61,0.0,959.7,426.41,252.8,185.01,13.01,0.0,2.83,2952.83,36793.0,2.718,0.731,0,25
case_eacebed5195d,"Kazan verimi=0.969929 | Chiller COP=6.48995W/W | Sogutma ayar noktasi=29.4171C | Asansor motoru gucu=673.404W | EPS isil iletkenligi=0.030746W/mK | EPS kalinligi=9.51424cm | Isitma ayar noktasi=22.109C | Sizdirmazlik carpani=0.52133 | Aydinlatma - ofis, salon, atolye=4.7978W/m2 | Aydinlatma - koridor, merdiven, WC=4.19507W/m2 | Cam tipi=penc_snerji_4mm",penc_snerji_4mm,22.109025,29.417146,6.489946,0.969929,4.797798,4.195066,0.52133,673.404174,9.514237,0.030746,985.33,232.05,5.12,463.92,185.4,211.5,111.57,7.82,0.0,0.0,3912.17,41024.0,1.739,0.476,0,25
case_ed3f0db73ec7,"Kazan verimi=0.805548 | Chiller COP=2.43164W/W | Sogutma ayar noktasi=27.3051C | Asansor motoru gucu=4203.65W | EPS isil iletkenligi=0.048025W/mK | EPS kalinligi=15.5125cm | Isitma ayar noktasi=22.072C | Sizdirmazlik carpani=1.39224 | Aydinlatma - ofis, salon, atolye=14.9871W/m2 | Aydinlatma - koridor, merdiven, WC=5.83001W/m2 | Cam tipi=penc_lowe_4mm",penc_lowe_4mm,22.071988,27.305146,2.431637,0.805548,14.987147,5.830014,1.392244,4203.64992,15.512453,0.048025,3010.72,709.04,8.12,2081.23,485.36,251.99,169.73,14.28,0.0,0.83,3720.17,39714.0,1.943,0.591,0,25
case_ed992eb927c6,"Kazan verimi=0.937697 | Chiller COP=2.34417W/W | Sogutma ayar noktasi=28.5211C | Asansor motoru gucu=3934.27W | EPS isil iletkenligi=0.045262W/mK | EPS kalinligi=19.6867cm | Isitma ayar noktasi=16.4424C | Sizdirmazlik carpani=1.15623 | Aydinlatma - ofis, salon, atolye=1.56703W/m2 | Aydinlatma - koridor, merdiven, WC=1.13278W/m2 | Cam tipi=penc_renk_6mm",penc_renk_6mm,16.442358,28.521146,2.344173,0.937697,1.567029,1.132782,1.156233,3934.273739,19.686651,0.045262,1831.17,431.25,0.11,1389.31,57.49,248.9,128.02,7.33,0.0,0.5,3849.17,38247.0,2.673,0.606,0,25
case_ef1f33ae051c,"Kazan verimi=0.850672 | Chiller COP=2.18674W/W | Sogutma ayar noktasi=26.4091C | Asansor motoru gucu=7818.96W | EPS isil iletkenligi=0.052427W/mK | EPS kalinligi=20.6337cm | Isitma ayar noktasi=15.5164C | Sizdirmazlik carpani=1.14626 | Aydinlatma - ofis, salon, atolye=9.85105W/m2 | Aydinlatma - koridor, merdiven, WC=5.88192W/m2 | Cam tipi=penc_cont_6_4mm",penc_cont_6_4mm,15.516432,26.409146,2.186739,0.850672,9.851052,5.881917,1.14626,7818.96183,20.633737,0.052427,2050.07,482.8,0.0,1286.72,345.45,293.46,117.84,6.6,0.0,0.0,2221.67,32129.0,1.682,0.353,0,23
case_f09194b34113,"Kazan verimi=0.83778 | Chiller COP=5.73776W/W | Sogutma ayar noktasi=26.6651C | Asansor motoru gucu=942.78W | EPS isil iletkenligi=0.033509W/mK | EPS kalinligi=5.34004cm | Isitma ayar noktasi=17.7387C | Sizdirmazlik carpani=0.760665 | Aydinlatma - ofis, salon, atolye=4.21792W/m2 | Aydinlatma - koridor, merdiven, WC=1.41825W/m2 | Cam tipi=penc_lowe_argon_4mm",penc_lowe_argon_4mm,17.738654,26.665146,5.737759,0.83778,4.217916,1.418249,0.760665,942.780355,5.340039,0.033509,1357.07,319.6,0.0,838.35,133.73,214.59,158.81,11.59,0.0,0.0,3535.17,38135.0,1.836,0.595,0,25
case_f0b439d74c8f,"Kazan verimi=0.808772 | Chiller COP=6.10511W/W | Sogutma ayar noktasi=29.5451C | Asansor motoru gucu=7804.78W | EPS isil iletkenligi=0.018993W/mK | EPS kalinligi=26.7021cm | Isitma ayar noktasi=19.4053C | Sizdirmazlik carpani=0.890305 | Aydinlatma - ofis, salon, atolye=12.9161W/m2 | Aydinlatma - koridor, merdiven, WC=3.20891W/m2 | Cam tipi=penc_renk_6mm",penc_renk_6mm,19.405321,29.545146,6.105106,0.808772,12.916141,3.208907,0.890305,7804.784136,26.702108,0.018993,1414.42,333.1,1.13,587.34,394.89,293.29,129.03,8.74,0.0,0.0,3635.5,40705.0,2.673,0.606,0,30
case_f3bfd30ca6a7,"Kazan verimi=0.841296 | Chiller COP=5.52785W/W | Sogutma ayar noktasi=22.1979C | Asansor motoru gucu=6557.15W | EPS isil iletkenligi=0.045309W/mK | EPS kalinligi=21.7562cm | Isitma ayar noktasi=20.5535C | Sizdirmazlik carpani=0.720776 | Aydinlatma - ofis, salon, atolye=7.20017W/m2 | Aydinlatma - koridor, merdiven, WC=7.3352W/m2 | Cam tipi=penc_cont_6_4mm",penc_cont_6_4mm,20.553469,22.197946,5.527847,0.841296,7.200165,7.335204,0.720776,6557.147085,21.756211,0.045309,1605.36,378.07,19.65,796.93,291.64,278.98,204.22,13.93,0.0,0.0,427.83,0.0,1.682,0.353,0,25
case_f5dd09549ab1,"Kazan verimi=0.77654 | Chiller COP=2.79898W/W | Sogutma ayar noktasi=28.6491C | Asansor motoru gucu=3565.65W | EPS isil iletkenligi=0.033556W/mK | EPS kalinligi=7.4096cm | Isitma ayar noktasi=22.8498C | Sizdirmazlik carpani=0.321884 | Aydinlatma - ofis, salon, atolye=9.76821W/m2 | Aydinlatma - koridor, merdiven, WC=7.62067W/m2 | Cam tipi=penc_triple_lowe_4mm",penc_triple_lowe_4mm,22.849765,28.649146,2.798984,0.77654,9.768212,7.620671,0.321884,3565.653701,7.409599,0.033556,2248.04,529.43,0.0,1509.52,365.6,244.67,119.0,9.24,0.0,0.0,4371.5,49158.0,0.892,0.452,0,25
case_fa0edc2ee7bb,"Kazan verimi=0.647614 | Chiller COP=4.65321W/W | Sogutma ayar noktasi=22.3771C | Asansor motoru gucu=5224.44W | EPS isil iletkenligi=0.017635W/mK | EPS kalinligi=29.824cm | Isitma ayar noktasi=21.7757C | Sizdirmazlik carpani=1.15291 | Aydinlatma - ofis, salon, atolye=9.02265W/m2 | Aydinlatma - koridor, merdiven, WC=7.69853W/m2 | Cam tipi=penc_lowe_4mm",penc_lowe_4mm,21.775691,22.377146,4.653211,0.647614,9.02265,7.698526,1.152909,5224.443871,29.823987,0.017635,2535.16,597.05,57.97,1538.99,346.2,263.7,302.31,26.01,0.0,4.33,179.67,0.0,1.943,0.591,0,25
case_fc04936289ec,"Kazan verimi=0.718524 | Chiller COP=6.3675W/W | Sogutma ayar noktasi=25.8971C | Asansor motoru gucu=5876.62W | EPS isil iletkenligi=0.020538W/mK | EPS kalinligi=2.35847cm | Isitma ayar noktasi=18.7757C | Sizdirmazlik carpani=1.27922 | Aydinlatma - ofis, salon, atolye=11.1765W/m2 | Aydinlatma - koridor, merdiven, WC=1.10683W/m2 | Cam tipi=penc_cont_6_4mm",penc_cont_6_4mm,18.775691,25.897146,6.367497,0.718524,11.176496,1.10683,1.279224,5876.617784,2.35847,0.020538,1193.23,281.01,5.75,461.08,320.17,271.18,125.88,9.16,0.0,0.0,1834.67,4225.0,1.682,0.353,0,28
case_fcf04ea99aa4,"Kazan verimi=0.94092 | Chiller COP=6.01764W/W | Sogutma ayar noktasi=23.3868C | Asansor motoru gucu=7521.23W | EPS isil iletkenligi=0.01623W/mK | EPS kalinligi=1.37631cm | Isitma ayar noktasi=22.8868C | Sizdirmazlik carpani=0.654294 | Aydinlatma - ofis, salon, atolye=13.496W/m2 | Aydinlatma - koridor, merdiven, WC=5.98572W/m2 | Cam tipi=penc_lowe_argon_4mm",penc_lowe_argon_4mm,22.886802,23.386802,6.017643,0.94092,13.496023,5.985723,0.654294,7521.230261,1.376306,0.01623,2236.51,526.71,42.72,1167.69,446.56,290.04,264.53,24.96,0.0,0.0,471.33,0.0,1.836,0.595,0,25
case_fd13bbd2c4b3,"Kazan verimi=0.88935 | Chiller COP=5.8777W/W | Sogutma ayar noktasi=28.7131C | Asansor motoru gucu=4232.01W | EPS isil iletkenligi=0.024846W/mK | EPS kalinligi=3.37571cm | Isitma ayar noktasi=15.9609C | Sizdirmazlik carpani=0.707479 | Aydinlatma - ofis, salon, atolye=8.85697W/m2 | Aydinlatma - koridor, merdiven, WC=3.70199W/m2 | Cam tipi=penc_cont_6_4mm",penc_cont_6_4mm,15.960876,28.713146,5.877701,0.88935,8.856969,3.701986,0.707479,4232.005308,3.375711,0.024846,989.34,232.99,0.0,359.18,290.14,252.32,83.32,4.37,0.0,0.0,3260.0,36764.0,1.682,0.353,0,23
